candidate,fold,train_n,valid_n,MAPE_pct,MAE_cycles,RMSE_cycles,R2
A_dummy_raw_a0,1,27,8,37.13843935667963,267.125,281.4802390932621,-0.1107318711200278
A_dummy_raw_a0,2,27,8,15.025324311102125,101.125,140.14768995598894,-1.0215007421535156
A_dummy_raw_a0,3,28,7,15.386685196906338,154.64285714285714,180.50554008118422,-2.3682783392054683
A_dummy_raw_a0,4,29,6,11.118331475915024,79.16666666666667,108.86459479555324,-0.2231596872822974
A_dummy_raw_a0,5,29,6,19.467145448959656,148.0,171.36899758513303,-0.0018345702784454687
A_linear_raw_a0,1,27,8,4.188191164773864,33.738282658130856,38.35448576081695,0.9793772897620953
A_linear_raw_a0,2,27,8,10.493219342293648,77.84503305768735,86.0249808885581,0.23835746944126324
A_linear_raw_a0,3,28,7,9.76812680638041,89.9380575014995,108.49616511054639,-0.2169022011878987
A_linear_raw_a0,4,29,6,6.506806051237801,51.611973626967334,58.51009728630603,0.6466773502125556
A_linear_raw_a0,5,29,6,5.0472383572538995,47.756962798779874,65.17664183526166,0.8550842925597644
A_linear_log10_a0,1,27,8,4.79618826465492,42.026447633718206,69.92319274107534,0.9314581358874957
A_linear_log10_a0,2,27,8,9.354630501648872,70.50183524887024,80.01576568027717,0.3410489588564477
A_linear_log10_a0,3,28,7,10.056723456967807,93.79611126112127,112.64323032619772,-0.31170777775421565
A_linear_log10_a0,4,29,6,6.154294722800321,49.559330328006034,57.356565409045686,0.6604715952708273
A_linear_log10_a0,5,29,6,5.310648266937788,51.60989676220203,74.26292051428962,0.8118624213681751
B_ridge_raw_a0.1,1,27,8,7.069349109187561,46.80842015887174,65.1835522295599,0.9404352313803757
B_ridge_raw_a0.1,2,27,8,9.502504454814739,69.56895672720132,78.58522065570078,0.3644001711820398
B_ridge_raw_a0.1,3,28,7,9.18112173322965,84.73964760429068,105.04343025670359,-0.1406822712813618
B_ridge_raw_a0.1,4,29,6,10.231376319611591,75.82416015542326,89.78696318374848,0.16797494566041682
B_ridge_raw_a0.1,5,29,6,5.445817118776262,49.809544673404126,65.48525325509836,0.853708691674844
B_ridge_raw_a1,1,27,8,5.538389963415023,37.80185146198194,52.61795808013269,0.9611866264233938
B_ridge_raw_a1,2,27,8,9.327994999259653,67.7518363088744,77.1423580857264,0.3875257449183922
B_ridge_raw_a1,3,28,7,9.16697928742877,84.95670750836375,104.62704629541001,-0.1316570434156661
B_ridge_raw_a1,4,29,6,10.719107538912933,79.41492048021804,93.85510432210006,0.09087074775526627
B_ridge_raw_a1,5,29,6,5.0522365357153705,47.65069445348947,65.2799969264607,0.8546243225035499
B_ridge_raw_a10,1,27,8,4.509071155669729,36.109551072002986,41.983417669492944,0.975290213661027
B_ridge_raw_a10,2,27,8,9.357303886987388,65.94619933397436,79.89154328559262,0.34309337936758877
B_ridge_raw_a10,3,28,7,9.506139173391437,89.99957177011936,105.45759232831526,-0.14969489905814815
B_ridge_raw_a10,4,29,6,11.474037797042708,84.4514193702749,101.98666599876782,-0.07348660025742171
B_ridge_raw_a10,5,29,6,6.850410388569879,60.69853289769198,75.02383642124407,0.8079872630703493
B_ridge_log10_a0.1,1,27,8,10.376262688756894,82.60283610959316,111.43968044513528,0.8259022625001479
B_ridge_log10_a0.1,2,27,8,9.43017705802449,70.91881455694735,79.84937103318234,0.34378671733154653
B_ridge_log10_a0.1,3,28,7,9.937608267509802,93.18905130650344,113.1467585818339,-0.32346095888355086
B_ridge_log10_a0.1,4,29,6,9.317075826728177,70.00283275413175,82.92396405973413,0.29030793762364693
B_ridge_log10_a0.1,5,29,6,5.2744981404375855,51.05255398577498,71.89167747182142,0.82368521348708
B_ridge_log10_a1,1,27,8,8.98273236777714,72.56634700539031,96.58169440481925,0.8692315272362194
B_ridge_log10_a1,2,27,8,9.165849739798475,68.39701213971412,77.50742593255183,0.38171509220206434
B_ridge_log10_a1,3,28,7,9.942259949848243,93.54714180587483,112.87513355828533,-0.3171142703732921
B_ridge_log10_a1,4,29,6,9.973590277040989,75.07597926657441,87.12539060692761,0.21657159342470167
B_ridge_log10_a1,5,29,6,5.605550014303864,53.38113473307116,73.2599674818812,0.8169098652916866
B_ridge_log10_a10,1,27,8,4.722299410044295,33.046020811321185,37.30249392834916,0.9804930600155896
B_ridge_log10_a10,2,27,8,8.865571341911522,64.1031525206331,75.94663875386702,0.40636549969901525
B_ridge_log10_a10,3,28,7,10.206459647421989,97.8709389591478,114.25768015718808,-0.34957711401129177
B_ridge_log10_a10,4,29,6,11.47737168213407,86.64660483713926,96.62069582974816,0.03650345871716476
B_ridge_log10_a10,5,29,6,7.9748665638344125,69.91285124831502,85.99180357095756,0.7477416116454452
C_ridge_raw_a0.1,1,27,8,10.289947051871803,74.81753930041643,98.00641456368757,0.8653450218135395
C_ridge_raw_a0.1,2,27,8,10.434765913210718,74.70475153827715,90.14172650004723,0.16371605060120653
C_ridge_raw_a0.1,3,28,7,11.200793132343216,104.75473836914134,120.3505628894324,-0.4973493985154913
C_ridge_raw_a0.1,4,29,6,9.04326972137932,66.95586649831885,79.29309130104505,0.3510958713960455
C_ridge_raw_a0.1,5,29,6,4.788202538116493,42.98905715636952,53.32802149383231,0.9029842056840606
C_ridge_raw_a1,1,27,8,8.152851880557543,60.195709641967966,84.0713029935363,0.9009147594589711
C_ridge_raw_a1,2,27,8,10.082838526524734,71.59482278410356,89.97366395868852,0.16683152199578288
C_ridge_raw_a1,3,28,7,11.45425298869277,107.12751528937545,122.40213467796387,-0.5488340389299309
C_ridge_raw_a1,4,29,6,9.794661216258989,72.39898024685239,85.6775355278348,0.24239336438595394
C_ridge_raw_a1,5,29,6,4.714244025549069,43.15296616508537,53.738387930369,0.9014853612049281
C_ridge_raw_a10,1,27,8,5.541159026630525,45.95261819363162,56.84113402146753,0.9547061874140282
C_ridge_raw_a10,2,27,8,9.351751247128188,65.33154008037563,85.6675975514978,0.2446726800736122
C_ridge_raw_a10,3,28,7,11.726573008803575,110.85858065178364,128.02412775149148,-0.694378967995064
C_ridge_raw_a10,4,29,6,10.679697603561888,78.25966698046297,95.4984259615495,0.05875590359072658
C_ridge_raw_a10,5,29,6,6.543337455190508,57.660851453454406,70.11882244181886,0.8322738689508612
C_ridge_log10_a0.1,1,27,8,7.09996238169483,54.3168045534844,76.57050329292717,0.9178067005507321
C_ridge_log10_a0.1,2,27,8,9.22821070733168,68.5506237784781,76.93874638693413,0.3907546414458566
C_ridge_log10_a0.1,3,28,7,12.481616801124153,118.9402821754717,139.4009561363519,-1.0089004029931568
C_ridge_log10_a0.1,4,29,6,7.742616207971855,58.1711139914471,67.74538011918628,0.5263372781698232
C_ridge_log10_a0.1,5,29,6,4.6156938350701004,40.49444405662566,52.68802834551046,0.90529881898236
C_ridge_log10_a1,1,27,8,6.765504350296488,53.00058687241841,72.37947112422175,0.926558046220211
C_ridge_log10_a1,2,27,8,8.974783318691292,65.94604764256488,77.85724601764333,0.3761213939992223
C_ridge_log10_a1,3,28,7,12.554640266195333,119.38570797607237,138.97078628689218,-0.9965212190524186
C_ridge_log10_a1,4,29,6,8.82326584038969,66.10444470737981,76.38174623359312,0.39787174882544907
C_ridge_log10_a1,5,29,6,4.807852896596954,42.948059139116346,51.474381420210484,0.909611376294093
C_ridge_log10_a10,1,27,8,5.297076205421977,37.41133525542685,44.2637819753152,0.9725330493492003
C_ridge_log10_a10,2,27,8,8.613023829164772,62.124427123552294,76.5143168352221,0.39745785714841286
C_ridge_log10_a10,3,28,7,12.372817564408347,118.30922811305126,138.841703644568,-0.9928140148006848
C_ridge_log10_a10,4,29,6,10.672874876654864,79.7705402243467,91.78523545355003,0.13052821970084194
C_ridge_log10_a10,5,29,6,7.529050533997863,65.41867363009284,77.73154328974958,0.793877177036578
B_plus_QDdelta_ridge_raw_a0.1,1,27,8,8.416767355165142,56.01398988937271,73.84463900059822,0.9235546005080016
B_plus_QDdelta_ridge_raw_a0.1,2,27,8,11.014067998793172,80.87522001442736,96.13024893046125,0.04890882591205026
B_plus_QDdelta_ridge_raw_a0.1,3,28,7,10.476193009956821,96.62330217109023,115.32609486449569,-0.3749347025845233
B_plus_QDdelta_ridge_raw_a0.1,4,29,6,11.27681839930474,83.44207731632383,99.94250978937245,-0.03088528658036571
B_plus_QDdelta_ridge_raw_a0.1,5,29,6,5.477217257721733,50.10072227956757,66.44405213673035,0.8493934979678084
B_plus_QDdelta_ridge_raw_a1,1,27,8,6.770464284569244,45.05616385308849,61.56539163534916,0.9468642635625156
B_plus_QDdelta_ridge_raw_a1,2,27,8,9.556709424558054,69.46026945159376,79.30101314342869,0.3527687329409189
B_plus_QDdelta_ridge_raw_a1,3,28,7,9.497349269266458,88.03371223151801,107.39364484206003,-0.19229594014781703
B_plus_QDdelta_ridge_raw_a1,4,29,6,10.93114880611703,80.9332921413638,96.06545715173517,0.04754526327921493
B_plus_QDdelta_ridge_raw_a1,5,29,6,5.075535710865886,47.81496547522412,65.71309581541594,0.8526889393044768
B_plus_QDdelta_ridge_raw_a10,1,27,8,4.5247226811924595,36.02849770201571,41.36180010915184,0.976016515880603
B_plus_QDdelta_ridge_raw_a10,2,27,8,9.408130182491066,66.3608420753032,80.06140877406331,0.340296978489914
B_plus_QDdelta_ridge_raw_a10,3,28,7,9.625101407882312,91.18390343248177,107.98776555476518,-0.20552441605526584
B_plus_QDdelta_ridge_raw_a10,4,29,6,11.45640775133524,84.32613530426278,101.72859471399249,-0.06806068400379184
B_plus_QDdelta_ridge_raw_a10,5,29,6,6.982801700100959,61.508269684200535,75.1364041298503,0.8074106290223042
B_plus_QDdelta_ridge_log10_a0.1,1,27,8,11.23149369626341,89.69799849126584,121.10210458553561,0.7944029909630898
B_plus_QDdelta_ridge_log10_a0.1,2,27,8,10.493133070345518,78.98042651845098,92.0836591017446,0.12729562232628722
B_plus_QDdelta_ridge_log10_a0.1,3,28,7,11.85009081257682,110.74234067025263,131.21803382152558,-0.7799752053827393
B_plus_QDdelta_ridge_log10_a0.1,4,29,6,10.341345210517677,78.17424014312274,89.05598502350851,0.18146724787704172
B_plus_QDdelta_ridge_log10_a0.1,5,29,6,5.296483607238384,51.22920352364804,72.45439342956016,0.8209142825647239
B_plus_QDdelta_ridge_log10_a1,1,27,8,9.776985056599555,78.65260096386857,105.18374217187787,0.8449004110586371
B_plus_QDdelta_ridge_log10_a1,2,27,8,9.286371379684455,69.30703787061033,78.87270922244127,0.3597412310170036
B_plus_QDdelta_ridge_log10_a1,3,28,7,10.264573627634412,96.62728338515835,118.49230248014545,-0.45146703855623094
B_plus_QDdelta_ridge_log10_a1,4,29,6,10.150243313937246,76.50052680224262,88.13326016097979,0.19834130127688443
B_plus_QDdelta_ridge_log10_a1,5,29,6,5.598170804909189,53.33829457570848,73.31410332370069,0.8166391744607184
B_plus_QDdelta_ridge_log10_a10,1,27,8,4.795345416424311,33.45833260067225,37.64229048481151,0.9801360554262063
B_plus_QDdelta_ridge_log10_a10,2,27,8,8.83922575764074,63.84418590818049,75.57194337210973,0.41220863920984196
B_plus_QDdelta_ridge_log10_a10,3,28,7,10.404192466366403,99.82304974594192,118.3854063808105,-0.44884938026863974
B_plus_QDdelta_ridge_log10_a10,4,29,6,11.332936448823165,85.41320060599509,95.94925966508859,0.04984798304527227
B_plus_QDdelta_ridge_log10_a10,5,29,6,8.197658297260464,71.26634728183662,86.03760190906817,0.7474728397162873
B_replace_slope_ridge_raw_a0.1,1,27,8,8.96306804224747,57.95534175605813,81.38397230285297,0.9071480180128061
B_replace_slope_ridge_raw_a0.1,2,27,8,9.302598701791382,68.08914480428568,77.04396081245642,0.3890872051271076
B_replace_slope_ridge_raw_a0.1,3,28,7,9.28057009750394,85.79950118294299,106.17288572304003,-0.16534399771119213
B_replace_slope_ridge_raw_a0.1,4,29,6,10.1043219821413,74.84653825888482,88.8130318489715,0.1859272259249758
B_replace_slope_ridge_raw_a0.1,5,29,6,5.5708432007147906,50.56907875608048,66.07994439278681,0.8510395969305662
B_replace_slope_ridge_raw_a1,1,27,8,7.337754765479808,47.9110113410038,67.77797951536891,0.93559929115711
B_replace_slope_ridge_raw_a1,2,27,8,9.090047292975674,65.97885389279071,75.40981659486243,0.4147279471250105
B_replace_slope_ridge_raw_a1,3,28,7,9.309234394920434,86.36747302739927,106.15196789027891,-0.16488485846106737
B_replace_slope_ridge_raw_a1,4,29,6,10.582280569362785,78.37521262028048,92.72903336554867,0.11255529283390975
B_replace_slope_ridge_raw_a1,5,29,6,5.088349780955881,47.84467270816623,65.69076668500763,0.8527890340874643
B_replace_slope_ridge_raw_a10,1,27,8,5.068519014768631,39.07149003923051,44.20339055502004,0.9726079474493811
B_replace_slope_ridge_raw_a10,2,27,8,9.01622995835899,63.37916732262707,77.96626805553562,0.3743729597395973
B_replace_slope_ridge_raw_a10,3,28,7,9.631937974678692,91.12866221768776,107.75054610517223,-0.20023382162530745
B_replace_slope_ridge_raw_a10,4,29,6,11.355343274135844,83.57166765639226,100.78015214713592,-0.048237899403964946
B_replace_slope_ridge_raw_a10,5,29,6,6.718095920641291,59.82571298332152,74.57120951585186,0.8102971412622386
B_replace_slope_ridge_log10_a0.1,1,27,8,11.39109509135023,90.19959961404179,121.62087838686892,0.7926377567040406
B_replace_slope_ridge_log10_a0.1,2,27,8,9.152654763487813,68.81269206109117,78.51771041020703,0.36549175224469277
B_replace_slope_ridge_log10_a0.1,3,28,7,10.168587028938521,95.53670174556864,117.37086913276406,-0.4241231357793218
B_replace_slope_ridge_log10_a0.1,4,29,6,9.064849792906998,68.10738450911963,80.82256931459536,0.325821120250528
B_replace_slope_ridge_log10_a0.1,5,29,6,5.251734652066395,50.8664448981076,71.63197404679539,0.8249567611777375
B_replace_slope_ridge_log10_a1,1,27,8,9.914366491871421,79.15344911973881,105.67622749254042,0.8434446139886264
B_replace_slope_ridge_log10_a1,2,27,8,8.859714771837057,66.07280581139125,76.10856367604275,0.403831439087712
B_replace_slope_ridge_log10_a1,3,28,7,10.178687763574533,95.88968976666061,117.16256737650632,-0.4190727494640494
B_replace_slope_ridge_log10_a1,4,29,6,9.655608497489949,72.58187199188802,84.97230408712642,0.2548141020331728
B_replace_slope_ridge_log10_a1,5,29,6,5.524834763129953,52.825636915028724,72.86009193836861,0.8189031355406003
B_replace_slope_ridge_log10_a10,1,27,8,5.555128671529567,37.53954241494091,41.141744578688815,0.9762710337663204
B_replace_slope_ridge_log10_a10,2,27,8,8.539782292128528,61.681908970508815,74.75041008617679,0.4249187913345699
B_replace_slope_ridge_log10_a10,3,28,7,10.426905368789448,99.8718689568224,117.81397189181803,-0.43489623551842516
B_replace_slope_ridge_log10_a10,4,29,6,11.210116567114563,84.49724460098015,94.7945051114794,0.07258062292434464
B_replace_slope_ridge_log10_a10,5,29,6,7.899483500331805,69.36500851953048,85.16024842277125,0.7525967841845903
B_charge_mean_ridge_raw_a0.1,1,27,8,8.535537172438472,54.946195446414364,79.55694395461495,0.9112701810671359
B_charge_mean_ridge_raw_a0.1,2,27,8,9.582482630159625,70.46782551441153,78.61516172625595,0.3639157502059147
B_charge_mean_ridge_raw_a0.1,3,28,7,8.78639961658557,80.47233903598547,103.53777673894508,-0.10821639568374475
B_charge_mean_ridge_raw_a0.1,4,29,6,7.892815948876255,59.719799303126855,67.21767033179326,0.5336878287964868
B_charge_mean_ridge_raw_a0.1,5,29,6,5.480788137661208,50.81509974003959,67.9908354057556,0.8422997957238102
B_charge_mean_ridge_raw_a1,1,27,8,7.166982369277439,46.87677156106224,67.36437724138962,0.9363828792306752
B_charge_mean_ridge_raw_a1,2,27,8,9.60288315617618,70.1810127790151,78.56573761540376,0.36471529104582034
B_charge_mean_ridge_raw_a1,3,28,7,8.932515360010692,82.42455537412863,103.57674189821084,-0.10905067965607018
B_charge_mean_ridge_raw_a1,4,29,6,8.15466207615749,61.15946955520362,70.77499746899302,0.4830249744060717
B_charge_mean_ridge_raw_a1,5,29,6,5.172905130455218,49.28748979652306,68.25758324294958,0.8410599607632656
B_charge_mean_ridge_raw_a10,1,27,8,5.748735032555836,47.45944738731281,58.25454638291056,0.9524256283682097
B_charge_mean_ridge_raw_a10,2,27,8,9.88065177709609,70.18627107734191,82.22218467078265,0.30420702186527004
B_charge_mean_ridge_raw_a10,3,28,7,9.415624109920099,89.01533554689745,104.84156180071173,-0.1363022446883062
B_charge_mean_ridge_raw_a10,4,29,6,9.595913749931755,70.72663001159174,85.8373571256116,0.2395642719189014
B_charge_mean_ridge_raw_a10,5,29,6,7.3735929783918035,65.1137351538685,80.30147138117562,0.7800223758676839
B_charge_mean_ridge_log10_a0.1,1,27,8,10.57272129528104,76.19406176133135,107.5666672722313,0.8377932819069197
B_charge_mean_ridge_log10_a0.1,2,27,8,9.388381674459875,70.86578268568489,82.16784017255134,0.3051264823341666
B_charge_mean_ridge_log10_a0.1,3,28,7,9.306033088190201,86.3768826804708,110.73286518081123,-0.2675934178493937
B_charge_mean_ridge_log10_a0.1,4,29,6,7.214216305621211,55.10672678208348,65.51370466286834,0.5570301624322279
B_charge_mean_ridge_log10_a0.1,5,29,6,5.36422167455735,52.246821105756304,75.27526996511345,0.8066980903226934
B_charge_mean_ridge_log10_a1,1,27,8,9.228775432442626,65.81919911390645,90.89615898209571,0.8841744225189044
B_charge_mean_ridge_log10_a1,2,27,8,9.340855662518601,70.05454575608142,80.62819891569096,0.330923255915363
B_charge_mean_ridge_log10_a1,3,28,7,9.263563097932106,86.23003081664822,110.28018734640446,-0.25725071486053563
B_charge_mean_ridge_log10_a1,4,29,6,7.393268579485496,55.92029049068274,68.49280398423996,0.5158279332638216
B_charge_mean_ridge_log10_a1,5,29,6,5.85589319666932,55.680688075198645,77.14768440476941,0.7969620165067314
B_charge_mean_ridge_log10_a10,1,27,8,5.986035878841391,40.58850130283382,46.53305738389089,0.9696445561528507
B_charge_mean_ridge_log10_a10,2,27,8,9.276809694709197,67.42200649883375,77.9490755847548,0.3746488454260023
B_charge_mean_ridge_log10_a10,3,28,7,10.087015866666928,96.56509520107987,113.22451432057737,-0.32528057873246463
B_charge_mean_ridge_log10_a10,4,29,6,9.64849525240659,73.1432211508652,82.27397806198422,0.30138994595620283
B_charge_mean_ridge_log10_a10,5,29,6,8.591360426314647,75.32394745444698,91.81332649329195,0.7124304178731325
B_no_charge_ridge_raw_a0.1,1,27,8,9.84884477844115,62.21725747124043,93.1717853989824,0.8783023347258514
B_no_charge_ridge_raw_a0.1,2,27,8,10.053831395602367,73.87955220281302,84.78914711138495,0.26008377418581186
B_no_charge_ridge_raw_a0.1,3,28,7,9.554489810527276,89.12632277727154,110.15909687458053,-0.2544912436695661
B_no_charge_ridge_raw_a0.1,4,29,6,7.355273891195092,57.83385716932054,60.54389056189423,0.6216876760976726
B_no_charge_ridge_raw_a0.1,5,29,6,5.477060270742922,50.84434104496245,66.44786287237983,0.8493762221393237
B_no_charge_ridge_raw_a1,1,27,8,8.304201972738033,53.04617148763728,79.30098283176712,0.9118402092236386
B_no_charge_ridge_raw_a1,2,27,8,10.133814193714691,74.01719699898229,86.141770481049,0.23628801702205493
B_no_charge_ridge_raw_a1,3,28,7,9.689069700910528,90.95821008836447,111.85763704358291,-0.2934754262404746
B_no_charge_ridge_raw_a1,4,29,6,7.607986822122519,59.33100191170494,62.238680342212454,0.6002112309270478
B_no_charge_ridge_raw_a1,5,29,6,5.365886115812452,50.58146137259672,66.83836955294967,0.8476006216294697
B_no_charge_ridge_raw_a10,1,27,8,6.494886795192266,49.739005273296726,57.73244996370878,0.9532745613909936
B_no_charge_ridge_raw_a10,2,27,8,10.672806563692165,75.80761467781785,94.22521855798018,0.0862312013444887
B_no_charge_ridge_raw_a10,3,28,7,11.204817348331614,107.47210352238072,124.03923043661044,-0.590541580366718
B_no_charge_ridge_raw_a10,4,29,6,8.352109068895157,62.60539211746527,72.29489257703028,0.46058245037290313
B_no_charge_ridge_raw_a10,5,29,6,7.874787401721685,68.5838983560846,81.28333446659148,0.7746100622462493
B_no_charge_ridge_log10_a0.1,1,27,8,11.649969016646821,84.47012635053767,120.74227746229654,0.795622944558152
B_no_charge_ridge_log10_a0.1,2,27,8,10.066385300799599,75.96947686086703,84.20402766996959,0.2702606789633968
B_no_charge_ridge_log10_a0.1,3,28,7,10.121706391348189,95.32308244726775,116.15518288371125,-0.3947747822246712
B_no_charge_ridge_log10_a0.1,4,29,6,6.953032994785515,55.19207351324136,60.69919030390161,0.6197443864541359
B_no_charge_ridge_log10_a0.1,5,29,6,5.486795693090696,53.038755580519044,74.15010615460609,0.8124335946787827
B_no_charge_ridge_log10_a1,1,27,8,10.165159057235195,73.25608165546409,103.62299547794511,0.8494690868786052
B_no_charge_ridge_log10_a1,2,27,8,10.103618163891392,75.80531140989468,83.65475587326632,0.2797499617524627
B_no_charge_ridge_log10_a1,3,28,7,10.252700655703391,97.15016172677001,118.36564307111226,-0.44836567759290147
B_no_charge_ridge_log10_a1,4,29,6,7.116129894732747,56.02237576664985,61.81323166682168,0.6056582698252015
B_no_charge_ridge_log10_a1,5,29,6,6.0154671123290235,56.733978395270164,76.16761675266315,0.8020879510578149
B_no_charge_ridge_log10_a10,1,27,8,6.442090964497721,42.90564416798546,49.1389337193193,0.9661495171584369
B_no_charge_ridge_log10_a10,2,27,8,10.252721602265783,74.58394265260628,84.28848340905435,0.26879610338769433
B_no_charge_ridge_log10_a10,3,28,7,12.21929709137897,117.7531942424549,133.0742846627555,-0.8306915687814089
B_no_charge_ridge_log10_a10,4,29,6,7.6117969987639365,57.59031239043577,69.69594495996158,0.4986686540380325
B_no_charge_ridge_log10_a10,5,29,6,8.92665482257745,77.5305816957245,92.7172020002517,0.7067404692527564
