stage,policy,n,mean_residual_cycles,MAPE_pct,MAE_cycles,RMSE_cycles,R2
Test B2,3.6C(30%)-6C,2,68.53284291785829,16.275074765510393,68.53284291785829,68.56373843815888,-187.03944914465063
Test B2,3.6C(9%)-5C,2,277.0929462806962,70.24435817903813,277.0929462806962,277.12918621276634,-34132.59371153338
Test B2,4.65C(44%)-5C,2,106.46745381208501,21.704981851420342,106.46745381208501,119.60130430511114,-51.54167857294325
Test B2,4.65C(69%)-6C,2,118.09801821906484,26.072583707434948,118.09801821906484,119.20495799050543,-221.02846889872131
Test B2,4.8C(80%)-4.8C,5,179.6217265923255,37.30356480045646,179.6217265923255,180.90261974515101,-43.49820220637809
Test B2,4.8C(80%)-4.8C-newstructure,3,97.70205715514392,14.892316136584855,120.11500892172496,138.25462263602427,-0.5233517473263076
Test B2,5.2C(50%)-4.25C,5,218.11251860075444,48.30654843611708,218.11251860075444,222.65186904198438,-140.63958510825418
Test B2,5.2C(58%)-4C,4,180.7286999380238,38.005066964120516,180.7286999380238,182.2342931376294,-128.8825229836087
Test B2,5.2C(58%)-4C-newstructure,3,16.879216760567562,13.113762105834914,124.86988204909767,146.5096338465806,-0.2959739664895551
Test B2,5.6C(26%)-4.5C,6,121.57781312984746,27.261207862409993,121.57781312984746,129.3846262207876,-22.680841450844635
Test B2,5.6C(26%)-4.5C-newstructure,3,26.087612198979134,14.595577339001634,131.11188038788282,153.31241120527292,0.09667583816786829
Test B2,6C(60%)-3C,2,179.11193840155556,44.798361497086944,179.11193840155556,179.11261278998597,-500.2707509446164
Test B3,3.7C(31%)-5.9C-newstructure,3,27.776551282312766,7.378159090314217,42.473696398997085,59.02954140368379,0.6092748645067034
Test B3,4.8C(80%)-4.8C-newstructure,6,-429.6770613863053,24.93906997902563,429.6770613863053,522.1010347146288,-3.0068537807843985
Test B3,5.3C(54%)-4C-newstructure,8,-96.73389239431063,8.441909732869867,96.73389239431063,124.67524885812219,-0.0564402884911277
Test B3,5.6C(19%)-4.6C-newstructure,8,-18.61787768208505,10.351693816288158,99.42346358005905,115.60189824141978,0.49875073294177374
Test B3,5.6C(36%)-4.3C-newstructure,8,-1.544420982796538,12.18987774204614,115.13380109859057,131.4917647635014,-0.08384050497193307
Test B3,5.9C(15%)-4.6C-newstructure,2,24.73042477697419,2.8797833653737857,24.73042477697419,33.501841320441535,-12.856461380988197
Test B3,5.9C(60%)-3.1C-newstructure,2,-13.226712836723607,10.483729508903354,90.68846442571231,91.64793239543833,0.5425256457641462
Test B3,5C(67%)-4C-newstructure,7,-128.20572698485495,15.374306154984207,214.79143454740182,361.4760859169306,0.06095588481500902
