cell_id,batch,policy,cycle_life,endpoint_quality_flag,prediction,residual_cycles,APE_pct,stage,candidate,fold,life_group,dq_logvar
b2c6,2,3.6C(9%)-5C,393.0,False,674.5745723732346,281.57457237323456,71.64747388631922,Test B2,A_linear_raw_a0,,<500,-3.53003968650195
b2c15,2,3.6C(9%)-5C,396.0,False,668.6113201881578,272.61132018815783,68.84124247175703,Test B2,A_linear_raw_a0,,<500,-3.516251926776714
b2c18,2,5.2C(50%)-4.25C,449.0,False,751.241434094734,302.241434094734,67.31435057789177,Test B2,A_linear_raw_a0,,<500,-3.707302736176298
b2c2,2,5.2C(50%)-4.25C,424.0,False,644.3895925021835,220.38959250218352,51.97867747693008,Test B2,A_linear_raw_a0,,<500,-3.4602483651128177
b2c29,2,5.2C(58%)-4C,452.0,False,665.1496725524075,213.14967255240754,47.157007201860075,Test B2,A_linear_raw_a0,,<500,-3.5082481790944344
b3c38,3,5C(67%)-4C-newstructure,1935.0,False,1025.7730646351981,-909.2269353648019,46.988472111876064,Test B3,A_linear_raw_a0,,>1000,-4.342053043792284
b2c11,2,5.2C(50%)-4.25C,449.0,False,655.264826744789,206.26482674478905,45.93871419705769,Test B2,A_linear_raw_a0,,<500,-3.485393220979881
b2c19,2,6C(60%)-3C,392.0,False,571.6034488214,179.60344882139998,45.81720633198979,Test B2,A_linear_raw_a0,,<500,-3.291958004542694
b2c28,2,4.8C(80%)-4.8C,437.0,False,628.4573820593887,191.4573820593887,43.81175790832693,Test B2,A_linear_raw_a0,,<500,-3.4234111691232063
b2c21,2,6C(60%)-3C,408.0,False,586.6204279817111,178.62042798171115,43.7795166621841,Test B2,A_linear_raw_a0,,<500,-3.326679075199306
b3c7,3,4.8C(80%)-4.8C-newstructure,1836.0,False,1089.216609994584,-746.7833900054161,40.674476579815696,Test B3,A_linear_raw_a0,,>1000,-4.488742187967907
b2c31,2,5.6C(26%)-4.5C,425.0,False,597.7270084449892,172.72700844498922,40.64164904587982,Test B2,A_linear_raw_a0,,<500,-3.35235883148731
b2c24,2,4.8C(80%)-4.8C,514.0,False,722.5156570522828,208.5156570522828,40.56724845375152,Test B2,A_linear_raw_a0,,500–1000,-3.6408852680750527
b2c17,2,5.6C(26%)-4.5C,471.0,False,661.7311442292917,190.73114422929166,40.49493508052902,Test B2,A_linear_raw_a0,,<500,-3.500344128474038
b2c16,2,4.8C(80%)-4.8C,472.0,False,659.3683193822492,187.36831938224918,39.69667783522228,Test B2,A_linear_raw_a0,,<500,-3.494880991874622
b3c45,3,4.8C(80%)-4.8C-newstructure,1801.0,False,1103.1036923175157,-697.8963076824843,38.750489044002464,Test B3,A_linear_raw_a0,,>1000,-4.5208508005857535
b2c27,2,5.2C(50%)-4.25C,474.0,False,655.6153326091724,181.61533260917236,38.31547101459332,Test B2,A_linear_raw_a0,,<500,-3.48620363289781
b2c42,2,5.2C(50%)-4.25C,474.0,False,654.0514070528934,180.0514070528934,37.985528914112535,Test B2,A_linear_raw_a0,,<500,-3.482587648007536
b2c0,2,5.2C(58%)-4C,477.0,False,656.0742893294637,179.07428932946368,37.54177973364018,Test B2,A_linear_raw_a0,,<500,-3.4872647963011447
b3c42,3,4.8C(80%)-4.8C-newstructure,1642.0,False,1027.564338333221,-614.435661666779,37.4199550345176,Test B3,A_linear_raw_a0,,>1000,-4.346194685061839
b2c25,2,5.2C(58%)-4C,493.0,False,676.4941275362687,183.4941275362687,37.21990416557174,Test B2,A_linear_raw_a0,,<500,-3.5344779300217333
b2c46,2,4.8C(80%)-4.8C,503.0,False,665.4208321345784,162.4208321345784,32.290423883614,Test B2,A_linear_raw_a0,,500–1000,-3.5088751328187
b2c3,2,4.65C(44%)-5C,499.0,False,659.9573911423421,160.9573911423421,32.255990208886196,Test B2,A_linear_raw_a0,,<500,-3.496242996974693
b2c10,2,4.8C(80%)-4.8C,492.0,False,640.3464423331284,148.34644233312838,30.151715921367554,Test B2,A_linear_raw_a0,,<500,-3.4509001132975605
b2c20,2,5.2C(58%)-4C,489.0,False,636.1967103339553,147.19671033395525,30.10157675541007,Test B2,A_linear_raw_a0,,<500,-3.441305431410401
b2c9,2,5.6C(26%)-4.5C-newstructure,791.0,False,1026.799238880293,235.79923888029293,29.810270402059793,Test B2,A_linear_raw_a0,,500–1000,-4.344425682662564
b2c13,2,4.65C(69%)-6C,460.0,False,594.305427088085,134.30542708808503,29.196831975670655,Test B2,A_linear_raw_a0,,<500,-3.3444477218838284
b3c16,3,4.8C(80%)-4.8C-newstructure,1638.0,False,1178.2133902846338,-459.78660971536624,28.0700005931237,Test B3,A_linear_raw_a0,,>1000,-4.694513499472995
b2c30,2,5.6C(26%)-4.5C,412.0,False,525.5208899632762,113.5208899632762,27.55361406875636,Test B2,A_linear_raw_a0,,<500,-3.1854095592748743
b3c40,3,5.6C(19%)-4.6C-newstructure,796.0,False,1005.4692951301417,209.46929513014175,26.3152380816761,Test B3,A_linear_raw_a0,,500–1000,-4.29510827493732
b2c7,2,4.8C(80%)-4.8C-newstructure,777.0,False,978.0320679773895,201.0320679773895,25.872853021543047,Test B2,A_linear_raw_a0,,500–1000,-4.231670089905405
b3c41,3,5.6C(36%)-4.3C-newstructure,786.0,False,972.7725162821839,186.77251628218391,23.762406651677342,Test B3,A_linear_raw_a0,,500–1000,-4.2195093707566445
b2c44,2,5.2C(58%)-4C-newstructure,841.0,False,1035.4916035730441,194.49160357304413,23.12623110262118,Test B2,A_linear_raw_a0,,500–1000,-4.36452348032534
b2c4,2,4.65C(69%)-6C,444.0,False,545.8906093500447,101.89060935004466,22.948335439199248,Test B2,A_linear_raw_a0,,<500,-3.232506812226559
b2c26,2,5.6C(26%)-4.5C,450.0,False,541.3695634789226,91.3695634789226,20.30434743976058,Test B2,A_linear_raw_a0,,<500,-3.2220536077932804
b3c17,3,5.3C(54%)-4C-newstructure,1315.0,False,1068.011356751763,-246.98864324823694,18.782406330664404,Test B3,A_linear_raw_a0,,>1000,-4.439713079764758
b3c28,3,3.7C(31%)-5.9C-newstructure,541.0,False,640.6741845956723,99.67418459567227,18.424063696057722,Test B3,A_linear_raw_a0,,500–1000,-3.451657893017001
b3c33,3,5C(67%)-4C-newstructure,1284.0,False,1049.0613322988509,-234.93866770114914,18.297404026569247,Test B3,A_linear_raw_a0,,>1000,-4.395898333073689
b2c41,2,5.6C(26%)-4.5C,442.0,False,519.8794248623767,77.87942486237671,17.619779380628213,Test B2,A_linear_raw_a0,,<500,-3.1723658101769976
b3c19,3,5.6C(36%)-4.3C-newstructure,1155.0,False,952.1994151667184,-202.80058483328162,17.558492193357715,Test B3,A_linear_raw_a0,,>1000,-4.171941874669042
b2c1,2,5.6C(26%)-4.5C,491.0,False,574.2388478002283,83.23884780022831,16.95292215890597,Test B2,A_linear_raw_a0,,<500,-3.2980513654760366
b3c3,3,5.6C(36%)-4.3C-newstructure,1115.0,False,928.2672300344371,-186.73276996556285,16.74733362919846,Test B3,A_linear_raw_a0,,>1000,-4.116607770381197
b2c14,2,3.6C(30%)-6C,426.0,False,496.5909173121469,70.59091731214693,16.57063786670116,Test B2,A_linear_raw_a0,,<500,-3.118519966248836
b3c9,3,5.3C(54%)-4C-newstructure,1039.0,False,870.1773524081477,-168.82264759185227,16.248570509321684,Test B3,A_linear_raw_a0,,>1000,-3.982296953008088
b2c5,2,3.6C(30%)-6C,416.0,False,482.47476852356965,66.47476852356965,15.979511664319629,Test B2,A_linear_raw_a0,,<500,-3.085881724279185
b2c32,2,4.8C(80%)-4.8C-newstructure,809.0,False,934.6935311379139,125.69353113791385,15.53690125314139,Test B2,A_linear_raw_a0,,500–1000,-4.131466155166347
b3c24,3,5C(67%)-4C-newstructure,825.0,False,944.982283858384,119.982283858384,14.543307134349575,Test B3,A_linear_raw_a0,,500–1000,-4.155254994876533
b2c33,2,5.2C(58%)-4C-newstructure,1140.0,False,978.0140020672048,-161.98599793279516,14.209298064280276,Test B2,A_linear_raw_a0,,>1000,-4.23162831933775
b3c18,3,5.6C(19%)-4.6C-newstructure,1146.0,False,987.7123194473022,-158.2876805526978,13.812188529903821,Test B3,A_linear_raw_a0,,>1000,-4.254052001185467
b3c34,3,5.3C(54%)-4C-newstructure,1158.0,False,1010.0327372371163,-147.9672627628837,12.777829254135034,Test B3,A_linear_raw_a0,,>1000,-4.305659504591576
b3c13,3,5.6C(19%)-4.6C-newstructure,816.0,False,918.6910502051505,102.69105020515053,12.584687525140998,Test B3,A_linear_raw_a0,,500–1000,-4.094466485311571
b3c5,3,5.6C(36%)-4.3C-newstructure,828.0,False,927.3227311115784,99.32273111157838,11.995498926519128,Test B3,A_linear_raw_a0,,500–1000,-4.114423974726586
b3c20,3,5C(67%)-4C-newstructure,813.0,False,906.5282811125145,93.52828111251449,11.50409361777546,Test B3,A_linear_raw_a0,,500–1000,-4.066344693269561
b2c12,2,4.65C(44%)-5C,466.0,False,517.9775164818279,51.977516481827934,11.153973493954492,Test B2,A_linear_raw_a0,,<500,-3.1679683681509765
b3c8,3,5C(67%)-4C-newstructure,828.0,False,917.5394114980155,89.53941149801551,10.81393858671685,Test B3,A_linear_raw_a0,,500–1000,-4.091803757442373
b3c31,3,5.9C(60%)-3.1C-newstructure,731.0,False,808.4617515889887,77.4617515889887,10.596682843910903,Test B3,A_linear_raw_a0,,500–1000,-3.8396030254357143
b3c35,3,5.6C(19%)-4.6C-newstructure,1093.0,False,979.4109750599712,-113.58902494002882,10.392408503204832,Test B3,A_linear_raw_a0,,>1000,-4.234858289724564
b3c22,3,5.9C(60%)-3.1C-newstructure,1002.0,False,898.0848227375641,-103.91517726243592,10.3707761738958,Test B3,A_linear_raw_a0,,>1000,-4.046822397094466
b3c27,3,5.6C(36%)-4.3C-newstructure,850.0,False,934.116639047466,84.11663904746604,9.896075182054828,Test B3,A_linear_raw_a0,,500–1000,-4.130132310934438
b2c34,2,5.6C(26%)-4.5C-newstructure,1186.0,False,1071.8485668832254,-114.15143311677457,9.624910043572898,Test B2,A_linear_raw_a0,,>1000,-4.448585173324752
b3c4,3,5.6C(19%)-4.6C-newstructure,1048.0,False,955.0209798241224,-92.97902017587762,8.872043909911987,Test B3,A_linear_raw_a0,,>1000,-4.178465673149821
b3c12,3,5.6C(36%)-4.3C-newstructure,932.0,False,854.820466473296,-77.17953352670395,8.281065829045488,Test B3,A_linear_raw_a0,,500–1000,-3.9467899768101886
b3c39,3,5.3C(54%)-4C-newstructure,1156.0,False,1074.4651702650453,-81.53482973495466,7.053185963231372,Test B3,A_linear_raw_a0,,>1000,-4.454635076566319
b3c36,3,5.6C(36%)-4.3C-newstructure,923.0,False,987.455377642707,64.45537764270705,6.983247848613981,Test B3,A_linear_raw_a0,,500–1000,-4.253457920681209
b3c1,3,5.3C(54%)-4C-newstructure,1063.0,False,1001.3321564817574,-61.66784351824265,5.80130230651389,Test B3,A_linear_raw_a0,,>1000,-4.28554271039912
b3c29,3,5.9C(15%)-4.6C-newstructure,858.0,False,905.3308553527501,47.33085535275006,5.516416707779728,Test B3,A_linear_raw_a0,,500–1000,-4.0635761002012085
b3c26,3,5.6C(19%)-4.6C-newstructure,1028.0,False,972.7716699355938,-55.22833006440624,5.372405648288544,Test B3,A_linear_raw_a0,,>1000,-4.219507413901045
b3c25,3,5.3C(54%)-4C-newstructure,989.0,False,941.2219915993365,-47.77800840066345,4.830941193191451,Test B3,A_linear_raw_a0,,500–1000,-4.1465607447332715
b2c45,2,5.6C(26%)-4.5C-newstructure,997.0,False,953.615030833419,-43.38496916658096,4.351551571372212,Test B2,A_linear_raw_a0,,500–1000,-4.175214949171005
b3c2,3,5.6C(19%)-4.6C-newstructure,1267.0,False,1214.918690684434,-52.08130931556593,4.110600577392733,Test B3,A_linear_raw_a0,,>1000,-4.77938058992098
b2c43,2,4.8C(80%)-4.8C-newstructure,1029.0,False,995.3805723501284,-33.61942764987157,3.2671941350701235,Test B2,A_linear_raw_a0,,>1000,-4.271781928623568
b3c43,3,5C(67%)-4C-newstructure,1046.0,False,1014.8285572403213,-31.171442759678712,2.9800614493000683,Test B3,A_linear_raw_a0,,>1000,-4.316748020025344
b3c21,3,3.7C(31%)-5.9C-newstructure,772.0,False,749.9542823249735,-22.04571767502648,2.85566291127286,Test B3,A_linear_raw_a0,,500–1000,-3.704326685729231
b3c37,3,4.8C(80%)-4.8C-newstructure,1390.0,False,1353.0928086786969,-36.90719132130312,2.6551936202376343,Test B3,A_linear_raw_a0,,>1000,-5.098855849397497
b3c0,3,5C(67%)-4C-newstructure,1009.0,False,983.846980462731,-25.15301953726896,2.4928661583021765,Test B3,A_linear_raw_a0,,>1000,-4.245114870317645
b3c14,3,5.6C(36%)-4.3C-newstructure,858.0,False,877.6902563792407,19.690256379240736,2.294901675902184,Test B3,A_linear_raw_a0,,500–1000,-3.999667694941731
b3c10,3,4.8C(80%)-4.8C-newstructure,1078.0,False,1055.746792073517,-22.2532079264829,2.06430500245667,Test B3,A_linear_raw_a0,,>1000,-4.4113559240265765
b2c8,2,5.2C(58%)-4C-newstructure,904.0,False,922.1320446414537,18.132044641453717,2.005757150603287,Test B2,A_linear_raw_a0,,500–1000,-4.10242248030074
b3c30,3,5.3C(54%)-4C-newstructure,935.0,False,921.1818635478464,-13.818136452153567,1.4778755563800605,Test B3,A_linear_raw_a0,,500–1000,-4.1002255467806545
b3c11,3,5.6C(19%)-4.6C-newstructure,817.0,False,828.0619982566037,11.061998256603715,1.3539777547862564,Test B3,A_linear_raw_a0,,500–1000,-3.884921164468091
b3c6,3,3.7C(31%)-5.9C-newstructure,667.0,False,672.7011869262925,5.7011869262925075,0.8547506636120701,Test B3,A_linear_raw_a0,,500–1000,-3.5257081929454923
b3c44,3,5.3C(54%)-4C-newstructure,940.0,False,934.7062325545022,-5.293767445497792,0.5631667495210417,Test B3,A_linear_raw_a0,,500–1000,-4.131495522376496
b3c15,3,5.9C(15%)-4.6C-newstructure,876.0,False,878.1299942011983,2.129994201198315,0.24315002296784416,Test B3,A_linear_raw_a0,,500–1000,-4.000684421929468
