구분,MAPE (%),비고
Train (Batch 1 CV),7.200716344387925,5-fold 정책 그룹 CV; std=2.812%; 개발 셀만 사용
Valid (Batch 1 Hold-out),13.143946264257933,모델 선택 후 1회 확인; 정책 그룹 분리
Test (Batch 2),31.52907097330911,전체 B1 재학습 모델; 유효 라벨 39셀
Gap (Train-Valid),5.943229919870007,Valid - CV; 단위 %p; (+) 오차 증가
Gap (Valid-Test),18.385124709051176,B2 - Valid; 단위 %p; (+) 일반화 저하 가능성
Gap (Target-Test),22.42907097330911,B2 - 9.1; 단위 %p; 동일 조건 재현 아님
Test (Batch 3),12.590543552458486,선택 사항; B2와 동일한 최종 모델; 유효 라벨 44셀
Gap (Batch2-Batch3),-18.938527420850626,B3 - B2; 단위 %p; (+) B3 오차 증가
"Gap (Target-Test, Batch 3)",3.4905435524584867,B3 - 9.1; 과제 비교 기준; 단위 %p
