cell_id,batch,policy,cycle_life,endpoint_quality_flag,prediction,residual_cycles,APE_pct,stage,candidate,fold
b1c3,1,4C(80%)-4C,1226.0,True,1174.3946812970705,-51.60531870292948,4.2092429610872335,quality_sensitivity,A_linear_raw_a0,1
b1c4,1,4C(80%)-4C,1227.0,True,1295.5707830827137,68.57078308271366,5.588490878786769,quality_sensitivity,A_linear_raw_a0,1
b1c20,1,5.4C(80%)-5.4C,534.0,False,539.1405779160393,5.1405779160393195,0.9626550404568014,quality_sensitivity,A_linear_raw_a0,1
b1c21,1,5.4C(80%)-5.4C,559.0,False,529.1576626999959,-29.842337300004147,5.338521878354946,quality_sensitivity,A_linear_raw_a0,1
b1c32,1,6C(60%)-3C,731.0,False,704.0870950722973,-26.912904927702698,3.6816559408622025,quality_sensitivity,A_linear_raw_a0,1
b1c33,1,6C(60%)-3C,757.0,False,716.2525957701647,-40.7474042298353,5.382748247005983,quality_sensitivity,A_linear_raw_a0,1
b1c44,1,8C(35%)-3.6C,616.0,False,570.7224006289284,-45.277599371071574,7.350259638160969,quality_sensitivity,A_linear_raw_a0,1
b1c45,1,8C(35%)-3.6C,599.0,False,573.4351575217219,-25.564842478278138,4.26792028017999,quality_sensitivity,A_linear_raw_a0,1
b1c6,1,4.8C(80%)-4.8C,636.0,False,797.4976017117724,161.4976017117724,25.392704671662326,quality_sensitivity,A_linear_raw_a0,2
b1c7,1,4.8C(80%)-4.8C,870.0,False,823.545568609164,-46.45443139083602,5.3395898150386225,quality_sensitivity,A_linear_raw_a0,2
b1c16,1,5.4C(60%)-3.6C,862.0,False,990.5067200192093,128.5067200192093,14.907972160001078,quality_sensitivity,A_linear_raw_a0,2
b1c17,1,5.4C(60%)-3.6C,857.0,False,915.0315498965524,58.031549896552406,6.7714760672756595,quality_sensitivity,A_linear_raw_a0,2
b1c30,1,6C(50%)-3.6C,709.0,False,783.3789903294302,74.37899032943017,10.490689750272237,quality_sensitivity,A_linear_raw_a0,2
b1c31,1,6C(50%)-3.6C,876.0,False,802.6681235532251,-73.33187644677491,8.371218772462889,quality_sensitivity,A_linear_raw_a0,2
b1c42,1,8C(25%)-3.6C,702.0,False,737.3400966388185,35.34009663881852,5.034201800401499,quality_sensitivity,A_linear_raw_a0,2
b1c43,1,8C(25%)-3.6C,651.0,False,738.4631575403974,87.46315754039745,13.435200851059514,quality_sensitivity,A_linear_raw_a0,2
b1c5,1,4.4C(80%)-4.4C,1074.0,False,1018.0732511809205,-55.926748819079535,5.207332292279286,quality_sensitivity,A_linear_raw_a0,3
b1c10,1,5.4C(50%)-3C,906.0,True,927.9668835026603,21.966883502660266,2.4246008281081974,quality_sensitivity,A_linear_raw_a0,3
b1c11,1,5.4C(50%)-3C,788.0,False,999.6366424977083,211.6366424977083,26.857441941333537,quality_sensitivity,A_linear_raw_a0,3
b1c24,1,6C(40%)-3C,1017.0,False,879.594212801738,-137.40578719826203,13.510893529819276,quality_sensitivity,A_linear_raw_a0,3
b1c25,1,6C(40%)-3C,854.0,False,931.0312553527917,77.03125535279173,9.02005331999903,quality_sensitivity,A_linear_raw_a0,3
b1c40,1,8C(15%)-3.6C,966.0,False,946.7828876031634,-19.21711239683657,1.9893491094033715,quality_sensitivity,A_linear_raw_a0,3
b1c41,1,8C(15%)-3.6C,1051.0,False,956.1802159756552,-94.81978402434481,9.021863370537089,quality_sensitivity,A_linear_raw_a0,3
b1c12,1,5.4C(50%)-3.6C,902.0,True,981.9905507941578,79.9905507941578,8.868132017090664,quality_sensitivity,A_linear_raw_a0,4
b1c13,1,5.4C(50%)-3.6C,897.0,True,938.9784813559801,41.97848135598008,4.679875290521748,quality_sensitivity,A_linear_raw_a0,4
b1c26,1,6C(40%)-3.6C,870.0,False,798.109365313011,-71.89063468698896,8.263291343332064,quality_sensitivity,A_linear_raw_a0,4
b1c27,1,6C(40%)-3.6C,842.0,False,830.700023531606,-11.299976468393993,1.3420399606168638,quality_sensitivity,A_linear_raw_a0,4
b1c36,1,7C(40%)-3C,704.0,False,728.0507252034598,24.05072520345982,3.41629619367327,quality_sensitivity,A_linear_raw_a0,4
b1c37,1,7C(40%)-3C,648.0,False,730.5236181149629,82.52361811496291,12.735126252309092,quality_sensitivity,A_linear_raw_a0,4
b1c8,1,5.4C(40%)-3.6C,879.0,True,898.5000956784836,19.500095678483603,2.21844091905388,quality_sensitivity,A_linear_raw_a0,5
b1c9,1,5.4C(40%)-3.6C,1054.0,False,929.5400029222667,-124.4599970777333,11.808348868855152,quality_sensitivity,A_linear_raw_a0,5
b1c22,1,6C(30%)-3.6C,891.0,True,872.3480963315734,-18.6519036684266,2.0933674150871604,quality_sensitivity,A_linear_raw_a0,5
b1c23,1,6C(30%)-3.6C,1014.0,False,919.6234850150379,-94.37651498496211,9.307348617846364,quality_sensitivity,A_linear_raw_a0,5
b1c38,1,7C(40%)-3.6C,617.0,False,595.4326475511598,-21.56735244884021,3.4955190354684293,quality_sensitivity,A_linear_raw_a0,5
b1c39,1,7C(40%)-3.6C,625.0,False,633.5653206363095,8.56532063630948,1.3704513018095168,quality_sensitivity,A_linear_raw_a0,5
