batch,cell_id,cycle_life,policy,n_summary,n_cycles,last_QD,C1,switch_pct,C2,QD_early_mean,QD_early_slope,IR_mean,Tavg_mean,Tmax_mean,chargetime_mean,chargetime_median,chargetime_max,chargetime_gt30_n,bad_QD_rows,summary_length_mismatch,knee,slope_before,slope_after,sse_gain,bic_gain,knee_window11,knee_window31,knee_spread_cycles,knee_relative_spread,knee_supported,endpoint_quality_flag,QD100_minus_QD10,cycle_axis_aligned,dq_valid,dq_capacity_flag,dq_var,dq_logvar,dq_min,dq_mean,dq_anchor_offset,dq_centered_logvar,dq_core_logvar,I10_positive_mean,I10_positive_max
1,b1c0,1190.0,3.6C(80%)-3.6C,1189,1189,1.0262098,3.6,80.0,3.6,1.0761699911111111,3.0947155680760724e-06,0.016642758736263735,31.5760350032552,35.35307925274725,13.384324395604375,13.358211666666708,13.461158333333394,0,2,False,268.0,-2.89492860046318e-05,-4.499193009672688e-05,0.19564227460523875,242.5366334964666,287.0,268.0,19.0,0.015993265993265993,False,True,0.0013753000000000792,True,True,False,9.663600264771342e-06,-5.014861042960788,-0.008459642934268818,-0.0028734152246919164,5.477172639071836e-05,-5.014861042960788,-5.054175136067712,1.8914315864760425,3.6012545454545455
1,b1c1,1179.0,3.6C(80%)-3.6C,1178,1178,1.0382246,3.6,80.0,3.6,1.0815340197802197,-1.386407708233212e-05,0.016922397377777777,31.295828166311242,34.13187856043956,13.372037857142836,13.341540000000046,13.426406666666661,0,1,False,415.0,-2.4157756642318654e-05,-4.3801683117829084e-05,0.9157616394594604,2878.1007887488095,415.0,415.0,0.0,0.0,True,True,0.000853100000000051,True,True,False,9.683678956852016e-06,-5.013959617162855,-0.011003816596621974,-0.00409961462134519,-0.00015728047616472976,-5.013959617162855,-5.153751619812636,1.9276851205531316,3.600945
1,b1c2,1177.0,3.6C(80%)-3.6C,1176,1176,1.0432786,3.6,80.0,3.6,1.085623934065934,-5.208700429995722e-06,0.01677251648888889,31.442116534374804,34.516218494505495,13.379404835164845,13.341596666666737,13.426306666666642,0,1,False,434.0,-2.2947930542215486e-05,-4.4451903429362e-05,0.8597160454939843,2277.964753642256,434.0,434.0,0.0,0.0,True,True,0.001158699999999957,True,True,False,1.8323155109711005e-05,-4.7369997419805365,-0.017216391849644463,-0.004486734282886989,8.780441737947796e-06,-4.7369997419805365,-4.771865404283185,1.9240244748282367,3.6007022727272724
1,b1c3,1226.0,4C(80%)-4C,1225,1225,0.97092122,4.0,80.0,4.0,1.0851624384615386,6.368388278398741e-06,0.016311938222222225,29.908329568221973,30.63438460439561,12.053525549450544,12.092243333333318,12.093001666667018,0,1,False,960.0,-4.5236520346781354e-05,-0.0002523924432802345,0.9318871396722919,3252.68587037999,960.0,960.0,0.0,0.0,True,True,0.00044200000000005346,True,True,False,3.608997994486938e-05,-4.442613359277012,-0.018960539773269502,-0.007455784700018413,0.0001820400912558392,-4.442613359277012,-4.576811181113341,2.1083620026483687,4.001638272727273
1,b1c4,1227.0,4C(80%)-4C,1226,1226,1.0219597,4.0,80.0,4.0,1.083062524175824,8.424255454690661e-06,0.016665881611111107,31.4281820570246,34.36929807692308,12.053579249084253,12.092204999999861,12.09293499999961,0,1,False,902.0,-3.9920484222543224e-05,-8.729324145069995e-05,0.8482713460681552,2280.6417876835535,902.0,902.0,0.0,0.0,True,True,0.0006920999999999733,True,True,False,2.2503824885676158e-05,-4.647743660307859,-0.013957995093677344,-0.005750008121960181,4.163332451650201e-05,-4.647743660307859,-4.779026847426557,2.029626268270862,4.000961090909091
1,b1c5,1074.0,4.4C(80%)-4.4C,1073,1073,0.88053626,4.4,80.0,4.4,1.0804949736263736,2.0457525083623468e-06,0.01626589675824176,30.91369988695243,33.02052492307693,15.437651080586145,10.91741500000062,418.81941000000006,1,1,False,873.0,-6.838495942853692e-05,-0.0006666441236313256,0.943763929825102,3048.46193079479,890.0,873.0,17.0,0.01585820895522388,True,False,-0.0003965999999999692,True,True,False,6.624026126041227e-05,-4.178877963304522,-0.025178778949337288,-0.01107391297973859,0.00023711126592161497,-4.178877963304522,-4.394953957769526,2.2272983696725768,4.4007665454545455
1,b1c6,636.0,4.8C(80%)-4.8C,635,635,0.8800565,4.8,80.0,4.8,1.0810752142857143,-1.8384228380318223e-05,0.01665881344444444,32.24983543491405,35.77836934065934,10.043405329670298,10.008315000000099,10.093049999999979,0,1,False,510.0,-0.0001099831211079642,-0.0011074006782327555,0.9610998542348222,2019.591357281457,510.0,510.0,0.0,0.0,True,False,-0.0018586000000000436,True,True,False,0.00017026371292231957,-3.7688779002277237,-0.03788603931347978,-0.015965056248274823,6.203428184438494e-05,-3.768877900227724,-3.8992123409920754,2.326513282619303,4.800375181818182
1,b1c7,870.0,4.8C(80%)-4.8C,869,869,0.88110596,4.8,80.0,4.8,1.0969791296703297,-1.2389668737060214e-05,0.0162134779,31.973256280500298,35.318750197802196,10.04442992673991,10.009005000000373,10.094543333333423,0,1,False,636.0,-7.492811891308478e-05,-0.0006899267574415509,0.9618059209910703,2794.450441850118,636.0,636.0,0.0,0.0,True,False,-0.0018245000000001177,True,True,False,0.00015364340477588736,-3.8134860773269867,-0.03823338650707442,-0.016645727245619735,-0.0002343851186142402,-3.8134860773269867,-3.982229784502545,2.3251980615989765,4.800307545454546
1,b1c8,879.0,5.4C(40%)-3.6C,878,878,0.96902454,5.4,40.0,3.6,1.0949735648351648,-7.819638477472863e-06,0.016709904560439564,32.07835379862389,34.45538021978022,11.24570701465201,11.208464999999462,11.297416666666686,0,1,False,670.0,-5.799703174025143e-05,-0.00041282096203733743,0.9543189397634776,2668.2614505709976,684.0,670.0,14.0,0.01596351197263398,True,True,-3.7999999999982492e-06,True,True,False,9.97253091328456e-05,-4.001194608771134,-0.030807702259195047,-0.012818967232022799,-1.4192107721271358e-05,-4.001194608771135,-4.161285969029522,2.2534105092370815,5.40255109090909
1,b1c9,1054.0,5.4C(40%)-3.6C,1053,1053,0.8809284,5.4,40.0,3.6,1.0879482351648353,5.299069915599302e-06,0.01682917540659341,32.64506491955275,35.99536445054945,11.243820860805872,11.208414999999999,11.2965616666667,0,1,False,790.0,-6.25455378772433e-05,-0.0005572528094617185,0.9585388848604431,3309.149614167522,790.0,790.0,0.0,0.0,True,False,0.0009996999999999368,True,True,False,8.72200481780871e-05,-4.059383677769545,-0.028724475696229934,-0.011510600568480111,-3.762094120557906e-05,-4.059383677769545,-4.190183283578165,2.3131976369090905,5.403459727272727
1,b1c10,906.0,5.4C(50%)-3C,905,905,0.96101874,5.4,50.0,3.0,1.0820693120879123,6.0261347348371834e-06,0.016567735833333336,33.183029052978426,36.87021273626374,11.686669780219818,11.652141666666527,11.736088333333221,0,1,False,691.0,-5.667935877106437e-05,-0.0003737823460934715,0.9336024936677877,2416.441936658737,691.0,691.0,0.0,0.0,True,True,0.0021002000000001075,True,True,False,9.493510903192643e-05,-4.022573146487059,-0.026992931922526497,-0.010668007843734223,0.00012131503750222023,-4.022573146487059,-4.10796424182745,2.275346803633468,5.410183999999999
1,b1c11,788.0,5.4C(50%)-3C,787,787,0.88054359,5.4,50.0,3.0,1.0604056857142858,4.613694855870166e-06,0.016176453566666665,32.737335353469376,36.225496956043955,11.68509159340663,11.652396666666512,11.736013333333297,0,1,False,587.0,-6.117724605714393e-05,-0.0006956596879172971,0.9729973460446268,2796.6826027739835,587.0,587.0,0.0,0.0,True,False,0.0018716000000000843,True,True,False,7.130228856858242e-05,-4.146896530502188,-0.023691513033622602,-0.008378205102529986,-3.5276708983686476e-06,-4.146896530502188,-4.2005136056826675,2.2259524411751266,5.401534999999999
1,b1c12,902.0,5.4C(50%)-3.6C,901,901,0.91311944,5.4,50.0,3.6,1.0823681483516483,6.052810957250435e-07,0.016436112274725276,33.46370483841537,37.46491136263736,10.682910934065939,10.652936666666696,10.73658333333345,0,1,False,688.0,-5.87575927886195e-05,-0.0005795770482151779,0.9572463327967007,2798.264939567524,688.0,688.0,0.0,0.0,True,True,0.0007700999999999958,True,True,False,7.495650888780392e-05,-4.125190648988873,-0.027438869587688153,-0.011237958333707347,-8.11255733985716e-06,-4.125190648988873,-4.291488293176328,2.292844032440176,5.401746545454546
1,b1c13,897.0,5.4C(50%)-3.6C,896,896,0.92313582,5.4,50.0,3.6,1.0844547164835165,-7.604817646123064e-06,0.01703356196703297,32.09855469451812,34.69118423076923,10.683663827838837,10.652621666666528,10.736171666666632,0,1,False,712.0,-6.376007742947171e-05,-0.0006116036521795947,0.9428890222907007,2525.691478014121,712.0,712.0,0.0,0.0,True,True,-4.8000000000048004e-05,True,True,False,8.953514522265102e-05,-4.048006457642694,-0.029137075239816568,-0.013148734381658471,-0.0003072569550165692,-4.048006457642694,-4.263548692980509,2.261577971996803,5.401798636363636
1,b1c14,880.0,5.4C(60%)-3C,879,879,0.8800649,5.4,60.0,3.0,1.0763410802197801,1.630952062430929e-05,0.016969576923076924,33.06387883092461,36.636338208791216,15.291828736263737,10.7633733333331,419.7895399999999,1,1,False,657.0,-6.619008695276561e-05,-0.0006884071013015275,0.9798649940336064,3384.070001449243,657.0,657.0,0.0,0.0,True,False,0.000999500000000042,True,True,False,8.993529426869348e-05,-4.046069839990279,-0.0282939556930506,-0.011946218223467892,-2.5345001824900225e-05,-4.046069839990279,-4.2092420165899656,2.265485253392242,5.407163454545454
1,b1c15,719.0,5.4C(60%)-3C,718,718,0.88298881,5.4,60.0,3.0,1.0679383197802197,1.673795190317282e-05,0.01682554152747253,33.14516569291013,37.077339648351646,15.29100639194134,10.763519999999941,419.87335500000006,1,1,False,546.0,-6.38107972697431e-05,-0.000857461904783858,0.9747400721126939,2594.954324915931,557.0,546.0,11.0,0.015341701534170154,True,False,0.001147500000000079,True,True,False,9.595130743781206e-05,-4.017949103167607,-0.02894455469678503,-0.011013089313180444,-0.00018869907558586622,-4.017949103167607,-4.113492611730042,2.232621422258974,5.402488727272727
1,b1c16,862.0,5.4C(60%)-3.6C,861,861,0.88096577,5.4,60.0,3.6,1.0866914197802198,1.3498762541802934e-05,0.016695404900000002,32.420218382666164,35.87168251648352,10.125278095238116,10.097030000000085,10.180956666666559,0,1,False,670.0,-6.4148012106907e-05,-0.0008387591096771831,0.973760465587416,3088.2006527768654,670.0,670.0,0.0,0.0,True,False,0.0005359000000000336,True,True,False,7.954013514589506e-05,-4.099413675443745,-0.027606674842371115,-0.012403806163792485,-0.00017286325130918433,-4.099413675443745,-4.322547977845314,2.3741993453348607,5.405946181818182
1,b1c17,857.0,5.4C(60%)-3.6C,856,856,0.8832469,5.4,60.0,3.6,1.0773481252747252,5.362154801722931e-06,0.01667530443956044,32.10059557412021,35.46543687912088,10.138984047619054,10.179741666665844,10.18090333333336,0,1,False,653.0,-6.10993766052637e-05,-0.0007568493437119309,0.9719685060895638,3014.0559443830207,653.0,653.0,0.0,0.0,True,False,0.0012254000000000431,True,True,False,0.00010711259692754453,-3.970159451162403,-0.031067967108938555,-0.013343115757399526,-4.394488551540609e-05,-3.970159451162403,-4.142507100987491,2.2977425048272426,5.4059219090909085
1,b1c18,691.0,5.4C(70%)-3C,690,690,0.88114411,5.4,70.0,3.0,1.0681090322222222,-6.229287805528483e-05,0.017839358582417583,31.875574088361404,35.43866604395605,9.925854816849819,9.957861666666577,9.974201666666582,0,2,False,566.0,-0.00012506571472256823,-0.0009767201209830605,0.9776712947099627,2572.235707379524,566.0,566.0,0.0,0.0,True,False,-0.005023800000000023,True,True,False,0.00022383059792099492,-3.650080545153841,-0.04413321540827286,-0.02070238680333876,-3.779029412399277e-05,-3.650080545153841,-3.8725937209599843,1.506542065126101,5.404739363636363
1,b1c19,788.0,5.4C(70%)-3C,787,787,0.88093972,5.4,70.0,3.0,1.088461991208791,-2.0336293995851352e-05,0.01632328235164835,33.05124443483438,36.86821382417582,9.930555989010955,9.957908333333519,9.958483333333183,0,1,False,575.0,-8.922935924933113e-05,-0.0007363671095233048,0.9799564706807761,3028.548994682166,575.0,575.0,0.0,0.0,True,False,-0.0015537000000001022,True,True,False,0.00023993476144574294,-3.6199068274368353,-0.04589269342650848,-0.020106274821769736,-1.5103677165186698e-06,-3.619906827436836,-3.786392244982059,2.35866790166866,5.401562818181818
1,b1c20,534.0,5.4C(80%)-5.4C,533,533,0.88078493,5.4,80.0,5.4,1.0694118197802198,-0.00014945135531135723,0.015181766511111111,32.126769964969824,34.907946274725276,9.027973278388265,9.007608333332852,9.10201333333389,0,1,False,409.0,-0.00026981266231374326,-0.0006802090094806271,0.9087474931826165,1241.9984196523499,417.0,409.0,8.0,0.015037593984962405,True,False,-0.014476399999999945,True,True,False,0.00042930168171296525,-3.367237410245857,-0.06358042689660326,-0.03279598300714767,3.624536925720686e-06,-3.367237410245857,-3.71249731316672,2.418359271924319,5.404611090909091
1,b1c21,559.0,5.4C(80%)-5.4C,558,558,0.88016534,5.4,80.0,5.4,1.082014156043956,-9.035583054625644e-05,0.015082251377777776,33.108983859799515,36.906906846153845,8.989637289377253,8.986379999999917,9.080738333333283,0,1,False,437.0,-0.00020111061491056938,-0.0008874365797941344,0.9359267219532899,1495.886409852009,437.0,437.0,0.0,0.0,True,False,-0.009073200000000003,True,True,False,0.00044633603224653485,-3.3503380515995875,-0.06472026276575493,-0.030657577112710634,-3.982253029375564e-05,-3.3503380515995875,-3.5888069770652806,2.4276641202999922,5.412843909090909
1,b1c22,891.0,6C(30%)-3.6C,890,890,0.96327895,6.0,30.0,3.6,1.083091964835165,-1.7057273451189287e-05,0.01658794456043956,32.852232837351465,36.67398565934067,11.46397212454215,11.430306666666972,11.51382333333313,0,1,False,666.0,-5.694946816099259e-05,-0.0003447632592058045,0.923190745622612,2247.4628437110614,666.0,652.0,14.0,0.015748031496062992,True,True,-0.0009717000000000198,True,True,False,0.00011164295598941376,-3.9521686731427805,-0.032147144008991324,-0.014716371313208602,-0.00018613254846141356,-3.9521686731427805,-4.168065313321721,2.37163912311649,6.002318636363636
1,b1c23,1014.0,6C(30%)-3.6C,1013,1013,0.88066453,6.0,30.0,3.6,1.0825457153846154,-1.5297888198762094e-05,0.016821210637362635,32.00034414687629,34.896230802197806,11.459366483516485,11.43025333333353,11.514053333333383,0,1,False,760.0,-6.172474847390454e-05,-0.0005729252536562231,0.9601899664329674,3222.7073493839966,776.0,760.0,16.0,0.015810276679841896,True,False,-0.0009636000000001754,True,True,False,9.103457241110652e-05,-4.0407936433278895,-0.029953516931757296,-0.013340620512360239,-0.00015139689317518912,-4.0407936433278895,-4.25698009779156,2.3100442214331207,6.0017915454545445
1,b1c24,1017.0,6C(40%)-3C,1016,1016,0.88046598,6.0,40.0,3.0,1.0781712065934066,-7.558493390664127e-06,0.016586062043956042,33.38484421656355,36.88879486813187,12.126660659340681,12.098271666666552,12.182196666666036,0,1,False,762.0,-6.661382586320612e-05,-0.0005572352085746226,0.9663511599203285,3401.6896686989653,762.0,746.0,16.0,0.015763546798029555,True,False,-7.259999999997824e-05,True,True,False,0.00011516949866350308,-3.938662523656534,-0.03184213409789827,-0.013873507013282613,-0.0001981521833420903,-3.938662523656534,-4.090870712612504,2.3211263628366643,6.001735999999999
1,b1c25,854.0,6C(40%)-3C,853,853,0.88019997,6.0,40.0,3.0,1.0790000681318683,-1.0512616658699725e-05,0.016593987428571426,33.853505991842376,38.01471573626374,12.136525805860803,12.097050000000065,12.180349999999939,0,1,False,611.0,-6.825565016118885e-05,-0.0006222681774759981,0.9780666535969357,3210.3902756297457,611.0,611.0,0.0,0.0,True,False,-0.0003018999999999661,True,True,False,9.378020536805894e-05,-4.027888820540259,-0.02944117289056547,-0.012406193052887388,-0.00014688711298985793,-4.027888820540259,-4.17533164108397,2.3498749015065346,6.007024636363636
1,b1c26,870.0,6C(40%)-3.6C,869,869,0.88105017,6.0,40.0,3.6,1.0906411054945055,-2.4660891861760114e-05,0.016284701835164835,33.16330819950574,36.44823171428571,10.80199225274729,10.765060000000327,10.897493333333113,0,1,False,650.0,-7.26709595476995e-05,-0.0007145783587722647,0.9674361254358322,2931.60063786206,650.0,650.0,0.0,0.0,True,False,-0.0016640999999999462,True,True,False,0.00016024334542563112,-3.7952199967853435,-0.03835445363245393,-0.01785015712562481,-0.000214482038863695,-3.7952199967853435,-4.018279012680657,2.3792813235697614,6.003147454545454
1,b1c27,842.0,6C(40%)-3.6C,841,841,0.88130057,6.0,40.0,3.6,1.0821233186813186,-2.0381876094918566e-05,0.01609961030769231,33.90301764657023,37.54564181318681,10.803581739926768,10.76368000000075,10.8473616666665,0,1,False,641.0,-7.230876146727254e-05,-0.0007376119744485336,0.9665479174300331,2813.389842766558,641.0,628.0,13.0,0.015476190476190477,True,False,-0.001266699999999954,True,True,False,0.00014005441374332457,-3.8537032000559392,-0.03583211964634625,-0.01551418714665611,0.0001835965536658858,-3.8537032000559392,-4.0264956540099535,2.3678773412723513,6.004548545454545
1,b1c28,860.0,6C(50%)-3C,859,859,0.88058227,6.0,50.0,3.0,1.0807655351648353,-1.5225352763173364e-05,0.01668118501098901,33.783317850109555,37.5288723076923,11.140097179487183,11.179005000000082,11.180176666666618,0,1,False,629.0,-7.059871002697338e-05,-0.0006781501786774666,0.9800830528214067,3315.2661760594615,629.0,629.0,0.0,0.0,True,False,-0.0012768000000000779,True,True,False,0.00014298424697322437,-3.844711807496199,-0.03721348031974192,-0.016698122755162716,-8.380384514080974e-06,-3.8447118074961995,-4.062062213014091,2.321687414424335,6.006039727272727
1,b1c29,917.0,6C(50%)-3C,916,916,0.88035375,6.0,50.0,3.0,1.082886863736264,-1.4454562828473083e-05,0.01654609885714286,32.712959080800786,35.427925868131865,11.150356593406572,11.179469999999856,11.181148333333356,0,1,False,671.0,-6.93730522876441e-05,-0.0006158292971775608,0.9743260020767647,3308.064548860517,686.0,671.0,15.0,0.01639344262295082,True,False,-0.00098240000000005,True,True,False,0.0001451170011316565,-3.8382817049630766,-0.036868449881918286,-0.01660052342693117,0.00014622642198592996,-3.8382817049630766,-4.05438547241637,2.3243600221493153,6.002204181818182
1,b1c30,709.0,6C(50%)-3.6C,708,708,0.88054287,6.0,50.0,3.6,1.0828880054945054,-2.5976043956036012e-05,0.016010600395604396,33.5489242218094,36.83326197802198,10.124216007326032,10.096796666666826,10.180983333333279,0,1,False,549.0,-7.821443843241737e-05,-0.0009753669439364805,0.9763913949079412,2605.455362109719,549.0,549.0,0.0,0.0,True,False,-0.001953399999999883,True,True,False,0.00018001172021664107,-3.744699217898308,-0.04081538502439652,-0.017719122166801278,-6.533165367142064e-05,-3.744699217898308,-3.9181501964365637,2.395733414172419,6.002276999999999
1,b1c31,876.0,6C(50%)-3.6C,875,875,0.88099223,6.0,50.0,3.6,1.097077774725275,-3.470540531931799e-05,0.016864890659340662,30.379077738389338,30.718702252747253,10.126856282051266,10.096788333333583,10.18021333333357,0,1,False,668.0,-7.365784828427583e-05,-0.0007827824080451027,0.9773173352577941,3265.281866091084,668.0,668.0,0.0,0.0,True,False,-0.0027898000000001755,True,True,False,0.00016682739789842456,-3.777732624088043,-0.03947820648424727,-0.017983588803246863,0.00024625150422956854,-3.777732624088043,-4.002852716590345,2.378964482422564,6.002852727272727
1,b1c32,731.0,6C(60%)-3C,730,730,0.88080907,6.0,60.0,3.0,1.0807376615384614,-2.147387004299617e-05,0.016168406296703297,33.08931799720783,36.253885373626375,10.131027032967076,10.096446666666695,10.180015000000033,0,1,False,544.0,-8.07023931679111e-05,-0.0008378590763316188,0.975386937312713,2657.7673405670625,544.0,544.0,0.0,0.0,True,False,-0.0016681999999998975,True,True,False,0.00022570256930208902,-3.6464634970703615,-0.04556628526257467,-0.020730273837007353,-9.228022679017928e-05,-3.6464634970703615,-3.853355971459131,2.405989068186356,6.001510636363636
1,b1c33,757.0,6C(60%)-3C,756,756,0.88011229,6.0,60.0,3.0,1.0955389021978021,-3.1796946966077e-05,0.01648187286813187,33.68685615008,37.77036162637363,10.13019761904764,10.096500000000136,10.180468333333556,0,1,False,552.0,-8.460182618981766e-05,-0.000812494625373495,0.9680314600390695,2558.6911001634357,563.0,552.0,11.0,0.01456953642384106,True,False,-0.002425699999999864,True,True,False,0.00021524962445427153,-3.6670575975866413,-0.044901781211682756,-0.021651569301358076,-5.7265044119050726e-05,-3.6670575975866413,-3.944193843555927,2.446896072298636,6.0042814545454535
1,b1c34,742.0,7C(30%)-3.6C,741,741,0.88205445,7.0,30.0,3.6,1.080205810989011,-1.0398015607580281e-05,0.01685217797802198,32.67776155217216,36.123026857142854,11.033024743589756,11.001253333333443,11.084676666666443,0,1,False,575.0,-6.990792792428894e-05,-0.0009189436205325132,0.9687031715666554,2522.631031643333,586.0,575.0,11.0,0.014864864864864866,True,False,-0.00040940000000011523,True,True,False,0.00014170456557429945,-3.848616157008837,-0.037218141748807665,-0.016080359430316875,0.00013834274344112118,-3.848616157008837,-4.060790489475194,2.4739991803879224,7.001765818181818
1,b1c35,703.0,7C(30%)-3.6C,702,702,0.8802399,7.0,30.0,3.6,1.0746440626373626,-5.950627488450408e-06,0.016966658494505495,32.10924118315372,34.91010046153846,11.034964212454225,11.001270000000174,11.084886666666716,0,1,False,522.0,-6.996228675769668e-05,-0.0008535495575521936,0.971531875999513,2453.2843397239594,522.0,522.0,0.0,0.0,True,False,-0.00013669999999987859,True,True,False,0.00016880845085747467,-3.7726058155960294,-0.039152034335048436,-0.018223341654084003,-4.359306027487583e-05,-3.7726058155960294,-3.99799922299268,2.4249945651009623,7.001387818181818
1,b1c36,704.0,7C(40%)-3C,703,703,0.88231802,7.0,40.0,3.0,1.081370278021978,-1.628153049849124e-05,0.01644086768131868,32.05637589574224,34.00080305494505,11.556540054945067,11.52468333333333,11.608198333333712,0,1,False,523.0,-7.771373282407081e-05,-0.0008766524734754731,0.9771467330679713,2609.3059281199417,523.0,523.0,0.0,0.0,True,False,-0.001297899999999963,True,True,False,0.00021404183097836082,-3.6695013425959444,-0.044621405961221994,-0.02104235085802675,-1.3523853786503152e-05,-3.6695013425959444,-3.917826380142505,2.493635333741765,7.001887272727272
1,b1c37,648.0,7C(40%)-3C,647,647,0.88336319,7.0,40.0,3.0,1.0781203780219781,-1.9236196846627564e-05,0.016547135373626374,32.970580505501694,36.09006062637363,11.561057014652038,11.52475000000001,11.611393333333156,0,1,False,480.0,-8.45140620937996e-05,-0.0008984956834090162,0.9758262226987338,2362.0299119850774,480.0,480.0,0.0,0.0,True,False,-0.001513400000000109,True,True,False,0.00021186592167101386,-3.673938893314921,-0.044544784957630146,-0.019436824634916583,-0.0002716072246025465,-3.673938893314921,-3.856779506502246,2.3872982001216134,7.002528818181817
1,b1c38,617.0,7C(40%)-3.6C,616,616,0.88110942,7.0,40.0,3.6,1.0758881659340662,-1.8634390826566925e-05,0.01621557298901099,33.7083853223586,37.35178607692307,10.232226025641044,10.193663333334067,10.292221666666835,0,1,False,475.0,-8.888411031013669e-05,-0.0010950619270505395,0.9726435077330676,2171.6553928642916,475.0,475.0,0.0,0.0,True,False,-0.0010924999999999407,True,True,False,0.00036893667248310104,-3.4330481735466756,-0.05641559694699583,-0.026764193834967424,8.841680665308462e-05,-3.4330481735466756,-3.653697675527922,2.509569655812096,7.006967727272727
1,b1c39,625.0,7C(40%)-3.6C,624,624,0.88011074,7.0,40.0,3.6,1.0857844021978023,-1.355503105589223e-05,0.0166943950989011,33.518377207907015,37.454642736263736,10.24095256410253,10.274609999999909,10.275708333333265,0,1,False,472.0,-8.887774431676605e-05,-0.0010874527185165315,0.9764549130028919,2292.692187188397,472.0,472.0,0.0,0.0,True,False,-0.0008420000000000094,True,True,False,0.0003129437479421444,-3.5045337204530713,-0.053143954091811496,-0.024440041487006035,-7.957779774585532e-05,-3.5045337204530713,-3.7120325040333944,2.5416169704168574,7.007713272727273
1,b1c40,966.0,8C(15%)-3.6C,965,965,0.88060951,8.0,15.0,3.6,1.0870351164835166,-1.8422352285391665e-05,0.016680402087912084,33.466994147224064,37.795234417582414,12.08827020146521,12.054698333333363,12.138423333333533,0,1,False,693.0,-6.812436799460017e-05,-0.0005496101373696212,0.9553743544134514,2958.9054070647103,693.0,693.0,0.0,0.0,True,False,-0.0014332999999999707,True,True,False,8.806174658415387e-05,-4.0552127051547355,-0.02909570881628587,-0.012628807847703542,-2.3065052212380968e-05,-4.0552127051547355,-4.2377342305357235,2.544170201751357,8.009307181818182
1,b1c41,1051.0,8C(15%)-3.6C,1050,1050,0.88106161,8.0,15.0,3.6,1.0830145516483514,-9.669214843125774e-06,0.01674448792307692,33.07975773547041,36.85310638461539,12.091806996337025,12.054781666665804,12.138670000000275,0,1,False,804.0,-6.774252293157153e-05,-0.0005895260681371558,0.9699871471391974,3635.984998214113,804.0,804.0,0.0,0.0,True,False,-0.0005790000000001072,True,True,False,8.48176100238975e-05,-4.071513969179501,-0.02850629135902205,-0.012358568562846162,2.179493323934507e-05,-4.071513969179501,-4.258055543685309,2.5701516042821666,8.009869
1,b1c42,702.0,8C(25%)-3.6C,701,701,0.88035142,8.0,25.0,3.6,1.0840217505494507,-7.099162286985007e-06,0.016718749989010993,33.59841781906345,37.72481587912088,11.17802357142863,11.138530000000417,11.225931666666778,0,1,False,489.0,-7.206253352983497e-05,-0.0007779423328832119,0.9802761535483039,2703.6622397724327,500.0,489.0,11.0,0.015714285714285715,True,False,-0.0004695000000001226,True,True,False,0.00021584610431745794,-3.6658557852690015,-0.04470964572873015,-0.020599210252813277,-0.0003984814048866723,-3.6658557852690015,-3.8850276846979135,2.631887328496501,8.009719818181818
1,b1c43,651.0,8C(25%)-3.6C,650,650,0.88044435,8.0,25.0,3.6,1.070536932967033,-3.225106864150365e-05,0.016110037076923076,33.34349274550026,36.85097164835165,11.178613589743591,11.138254999999965,11.22160500000003,0,1,False,483.0,-7.879699422807912e-05,-0.0008906020215559005,0.9828301453827423,2592.4825868292546,492.0,483.0,9.0,0.01386748844375963,True,False,-0.002598499999999948,True,True,False,0.00021489233671107995,-3.667779071634814,-0.044605890152637384,-0.019165626778476195,-4.670770879850269e-05,-3.667779071634814,-3.840959973683066,2.6303626513106937,8.01088509090909
1,b1c44,616.0,8C(35%)-3.6C,615,615,0.88048309,8.0,35.0,3.6,1.0868232010989012,-4.222089504697998e-05,0.017418254494505497,32.56778256742335,35.839557087912084,10.257643589743598,10.22140833333348,10.304883333333418,0,1,False,428.0,-9.375266184903163e-05,-0.0008896085512064574,0.9777609096264339,2293.563888836506,428.0,428.0,0.0,0.0,True,False,-0.0035061000000000675,True,True,False,0.0003795770928016619,-3.42070000480644,-0.05879707165403769,-0.029329092901317067,-0.0002946073202782062,-3.42070000480644,-3.7080820931059137,2.770087440954394,8.007968545454546
1,b1c45,599.0,8C(35%)-3.6C,598,598,0.88104212,8.0,35.0,3.6,1.087237353846154,-2.2526972447838818e-05,0.016679850505494507,33.01980626490123,36.75081394505495,10.258617820512795,10.221591666666791,10.305469999999938,0,1,False,425.0,-8.883225793147328e-05,-0.0009643062289989928,0.9772088802611129,2214.478502704782,425.0,425.0,0.0,0.0,True,False,-0.0016899999999999693,True,True,False,0.0003755845892835457,-3.425292235698853,-0.059403509916114317,-0.02886609052113574,0.00010571722070946006,-3.4252922356988535,-3.7048335389647207,2.649816705252354,8.007060000000001
2,b2c0,477.0,5.2C(58%)-4C,496,496,0.82661337,5.2,58.0,4.0,1.1051915692307694,1.0050197483675751e-05,0.017336257527472528,31.819665574752385,35.404461904902924,10.17323098901111,10.173174999999658,10.175723333333735,0,0,False,380.0,-0.00011853101231640447,-0.0019842160921338227,0.9452489142815582,1402.3380567178892,380.0,372.0,8.0,0.01616161616161616,True,False,0.0015544999999999032,True,True,False,0.0003256380937000854,-3.4872647963011447,-0.055061277717081025,-0.025801000173386008,-9.521354407294514e-05,-3.4872647963011447,-3.725408414586862,1.9864233612532947,5.207814272727272
2,b2c1,491.0,5.6C(26%)-4.5C,513,513,0.82848173,5.6,26.0,4.5,1.1047745615384614,-3.1866625258790506e-05,0.01751523134065934,33.61477334899051,36.49876153078584,10.196931703296583,10.176748333331973,10.257094999999875,0,0,False,378.0,-0.0001929961121435739,-0.0014508149564087924,0.9070214842707862,1184.749807859089,378.0,378.0,0.0,0.0,True,False,-0.006769200000000142,True,True,False,0.0005034410615908589,-3.2980513654760366,-0.0661147205894651,-0.035595007639683186,7.108555611635758e-05,-3.2980513654760366,-3.650923808583726,2.345660529803748,5.606765727272727
2,b2c2,424.0,5.2C(50%)-4.25C,439,439,0.82700932,5.2,50.0,4.25,1.074652533186813,-6.105121197639826e-06,0.01644493075824176,33.17156277120817,37.454011393963896,10.175011208791272,10.174891666667342,10.177569999999832,0,0,False,353.0,-0.00014255208469235542,-0.0021509202539052746,0.9064291079002758,1006.5578776353551,359.0,353.0,6.0,0.0136986301369863,True,False,-0.005759800000000093,True,True,False,0.00034653861464528006,-3.4602483651128177,-0.052717818544041395,-0.025013386420214043,-9.348703145968057e-05,-3.4602483651128177,-3.6472623478734074,1.9132015778693179,5.2027684545454544
2,b2c3,499.0,4.65C(44%)-5C,517,517,0.82550967,4.65,44.0,5.0,1.1018037263736262,7.46289679885362e-05,0.01591295997802198,33.93865768577528,38.788880974567746,10.173155128205178,10.173123333333448,10.17467333333334,0,0,False,396.0,-0.00016536715086916208,-0.0016441308209881877,0.9283986473419561,1326.9528242723502,396.0,389.0,7.0,0.013565891472868217,True,False,0.001900600000000141,True,True,False,0.000318975262145792,-3.496242996974693,-0.05586845261151374,-0.020089882918698704,-3.60397413177497e-05,-3.496242996974693,-3.576898726826234,1.901950594031371,5.001529363636363
2,b2c4,444.0,4.65C(69%)-6C,464,464,0.82712674,4.65,69.0,6.0,1.085633720879121,-6.578035355948732e-05,0.016138183263736266,33.03890158683338,37.44301280768703,10.232924780219733,10.23264499999932,10.272591666665782,0,0,False,341.0,-0.0001857420656284069,-0.0014940997422492725,0.9147480598477722,1108.035109297675,341.0,334.0,7.0,0.01511879049676026,True,False,-0.009355000000000002,True,True,False,0.0005854545529657333,-3.232506812226559,-0.07029720690084085,-0.034781796484889084,6.795180750688109e-05,-3.232506812226559,-3.4683870025945023,2.1913862266188198,6.00075809090909
2,b2c5,416.0,3.6C(30%)-6C,445,445,0.8261537,3.6,30.0,6.0,1.0870349604395604,-0.00018602243828634072,0.015255637516483518,32.999161656222306,37.68384374561755,10.200482527472545,10.20127999999871,10.242031666665572,0,0,False,294.0,-0.0002907912907027326,-0.001168080951788416,0.9107111430390125,1041.1677768107381,301.0,294.0,7.0,0.015765765765765764,True,False,-0.02270519999999987,True,True,False,0.0008205749892219913,-3.085881724279185,-0.08615002847927744,-0.04648540460048997,2.920642290152572e-05,-3.085881724279185,-3.4573860864242985,1.8822858917890157,6.0023290909090905
2,b2c6,393.0,3.6C(9%)-5C,409,409,0.82940364,3.6,9.0,5.0,1.093291446153846,5.756180124223628e-05,0.016014700373626373,33.81706063663985,39.80772646051718,10.179308040293128,10.179401666667157,10.1812816666672,0,0,False,287.0,-0.00015345207285859532,-0.0016162799955875282,0.928116210652074,1041.0988712102542,287.0,282.0,5.0,0.012254901960784314,True,False,0.00025420000000009324,True,True,False,0.00029509395529212125,-3.53003968650195,-0.04987247893740465,-0.02082479246051704,3.5303232783612574e-05,-3.53003968650195,-3.6570636859467456,1.7849908958979626,5.000090181818182
2,b2c7,777.0,4.8C(80%)-4.8C-newstructure,806,806,0.8264814,4.8,80.0,4.8,1.0931936494505494,5.744192705845211e-05,0.014788525,33.787848323118595,37.18154029055139,10.035669322344315,10.035486666666596,10.040678333333926,0,0,False,627.0,-0.00010490220267290842,-0.0010510950408777666,0.9306403715086208,2113.3931819433506,627.0,627.0,0.0,0.0,True,False,0.00692769999999987,True,True,False,5.865835912266468e-05,-4.231670089905405,-0.021737979924043582,-0.008823099834708447,0.00015390266781708606,-4.231670089905405,-4.360695213542705,2.4390404058639583,4.804680545454545
2,b2c8,904.0,5.2C(58%)-4C-newstructure,947,947,0.8255862,5.2,58.0,4.0,1.090031861868132,-5.30790716674609e-05,0.016463798230769232,33.60846715529092,35.6865351902541,10.039861630036631,10.039794999999867,10.044600000000113,0,0,False,709.0,-3.852647682774214e-05,-0.0009735749551404406,0.9707122915166463,3298.003440652659,709.0,709.0,0.0,0.0,True,False,-0.0007699999999999374,True,True,False,7.899098323286501e-05,-4.10242248030074,-0.027841110945332148,-0.011203415580045945,-1.12537216027598e-05,-4.10242248030074,-4.246455494119675,2.447594943560076,5.203517545454544
2,b2c9,791.0,5.6C(26%)-4.5C-newstructure,819,819,0.82610458,5.6,26.0,4.5,1.0974771593406594,-3.945754419493187e-05,0.015394564857142858,32.347053674564215,33.58567747411306,10.039853992673986,10.040153333333244,10.041631666666945,0,0,False,637.0,-6.168412415190261e-05,-0.001181423288472648,0.943260018264898,2310.719630425037,637.0,637.0,0.0,0.0,True,False,-0.0010336999999998042,True,True,False,4.5245388051825846e-05,-4.344425682662564,-0.019754152325308416,-0.007446960333569007,5.7305842185926366e-05,-4.344425682662564,-4.404068155220376,2.535055365495413,5.604012272727273
2,b2c10,492.0,4.8C(80%)-4.8C,519,519,0.82791102,4.8,80.0,4.8,1.1112652248351647,6.384393725116053e-05,0.017046631582417583,31.73077993571125,34.382358261819455,10.169334908424842,10.170841666667062,10.189141666666547,0,0,False,360.0,-9.956491623594636e-05,-0.0015226877088748672,0.9503307026700385,1518.739009882084,360.0,360.0,0.0,0.0,True,False,0.006365199999999849,True,True,False,0.00035407876899738185,-3.4509001132975605,-0.05580244986198335,-0.02952029629956943,-3.745489361485022e-05,-3.4509001132975605,-3.7889370806539793,1.8699585869204962,4.803074909090909
2,b2c11,449.0,5.2C(50%)-4.25C,468,468,0.82524824,5.2,50.0,4.25,1.1013911505494507,0.00012643977384934718,0.0172252149010989,33.1363899537519,37.998486960470515,10.173903791208817,10.173770000000028,10.180184999998891,0,0,False,351.0,-5.635174580544207e-05,-0.002114031839353031,0.9600442286477571,1465.7137077230066,351.0,351.0,0.0,0.0,True,False,0.010471899999999978,True,True,False,0.000327044446642087,-3.485393220979881,-0.05489875594719695,-0.024012633467613776,-7.08192254983666e-05,-3.485393220979881,-3.668522529332081,1.8924645670654479,5.206142727272727
2,b2c12,466.0,4.65C(44%)-5C,493,493,0.82528538,4.65,44.0,5.0,1.1042473527472525,3.275929447364646e-05,0.0164848649010989,31.300384352318062,33.59966671239308,10.174880036630089,10.17466500000058,10.17747500000017,0,0,False,334.0,-0.000170163719617376,-0.0013528859144426285,0.9314802159560208,1285.0620846973156,334.0,334.0,0.0,0.0,True,False,0.0038705999999999463,True,True,False,0.0006792531042316953,-3.1679683681509765,-0.07733124344865683,-0.03939759227215439,2.5599653875487077e-05,-3.1679683681509765,-3.450734766595082,2.017852053336077,5.002077272727272
2,b2c13,460.0,4.65C(69%)-6C,483,483,0.82574999,4.65,69.0,6.0,1.0948487373626374,-8.52741041567002e-06,0.01601688472527472,31.940231375546322,35.0931665036066,10.214825879120806,10.21416166666604,10.235204999998677,0,0,False,348.0,-0.00013042579967271115,-0.001579872367098921,0.950777904028578,1415.0871820212326,355.0,348.0,7.0,0.014522821576763486,True,False,-0.001671499999999826,True,True,False,0.00045243092034126796,-3.3444477218838284,-0.06467448840609535,-0.0340700221226121,2.196905073116053e-06,-3.3444477218838284,-3.709416431055401,2.1178369459010886,6.002027363636363
2,b2c14,426.0,3.6C(30%)-6C,461,461,0.82618046,3.6,30.0,6.0,1.0788299714285712,-0.0001001943749004632,0.016210692912087914,32.12032476841645,35.20250746058758,53.36722245421255,10.24544000000072,3934.7051666666666,1,0,False,332.0,-0.00021256703595724547,-0.0015113699726152978,0.9606449583804185,1450.051933450671,338.0,332.0,6.0,0.013043478260869565,True,False,-0.007291900000000018,True,True,False,0.0007611671443129553,-3.118519966248836,-0.0837144352028476,-0.04455576451036339,-0.0001956030035445073,-3.118519966248836,-3.4707186468385256,2.0284105024995003,6.004558909090909
2,b2c15,396.0,3.6C(9%)-5C,414,414,0.82608759,3.6,9.0,5.0,1.075459543956044,8.864344640866963e-05,0.016251632197802197,32.8583349352744,36.09072056043012,10.17295906593412,10.175108333333629,10.187401666666847,0,0,False,303.0,-0.0001745469541836297,-0.0016342519417149551,0.9185919967288236,1003.8463105272143,303.0,297.0,6.0,0.014527845036319613,True,False,0.0058939000000000075,True,True,False,0.0003046127470747836,-3.516251926776714,-0.05093467639415561,-0.024135288352654265,-0.00010785854214413008,-3.516251926776714,-3.7290620527014737,1.7451134719612547,5.003433272727272
2,b2c16,472.0,4.8C(80%)-4.8C,499,499,0.82648873,4.8,80.0,4.8,1.0970696681318683,-2.2458525242871458e-05,0.01747787212087912,32.77880302075412,37.04035396343241,10.171597252747269,10.171531666665881,10.174256666666285,0,0,False,360.0,-0.00017625426426561415,-0.0014544844915010714,0.9279168139835258,1276.2790773335855,367.0,360.0,7.0,0.014056224899598393,True,False,-0.0024861000000000466,True,True,False,0.0003199771811309943,-3.494880991874622,-0.0532543676756424,-0.026244652410942607,-0.00020941586596510148,-3.494880991874622,-3.7569472221327374,1.8827324339348963,4.803158181818182
2,b2c17,471.0,5.6C(26%)-4.5C,494,494,0.8272146,5.6,26.0,4.5,1.094076401098901,3.920608058608689e-05,0.017066323923076922,32.98745273638719,34.764372319836056,10.181669194139298,10.177128333334501,10.256706666667014,0,0,False,349.0,-0.00019446853851209204,-0.00128053488171157,0.9080130088556839,1144.894136798262,349.0,342.0,7.0,0.014198782961460446,True,False,0.0018574999999998454,True,True,False,0.0003159772910980138,-3.5003441284740386,-0.05256239657553352,-0.024346340387445996,-8.595721552723563e-05,-3.500344128474038,-3.702236301114092,2.416860237464139,5.6077818181818175
2,b2c18,449.0,5.2C(50%)-4.25C,467,467,0.82719898,5.2,50.0,4.25,1.0830098956043959,0.00010981586399107856,0.01664530532967033,32.888914245448206,36.4298613577482,10.174119505494547,10.173980000000059,10.175901666667778,0,0,False,363.0,-0.0001342415239122541,-0.001859710766444271,0.9323790175834825,1221.5235862512252,363.0,363.0,0.0,0.0,True,False,0.007177800000000012,True,True,False,0.00019619921427892916,-3.707302736176298,-0.03974566910430133,-0.016640891110932497,0.00011606288549960105,-3.7073027361762976,-3.8406239882100675,2.093576599499817,5.2028170909090905
2,b2c19,392.0,6C(60%)-3C,411,411,0.82597393,6.0,60.0,3.0,1.0949763263736263,1.2324980092367542e-05,0.01672315553846154,32.77247428690546,36.597218578792585,10.17362760073265,10.17452,10.176585000000584,0,0,False,306.0,-0.00013196909228338074,-0.0020647440789699234,0.9446687545925921,1151.5629362926543,306.0,306.0,0.0,0.0,True,False,0.0006085999999998482,True,True,False,0.0005105543672328962,-3.291958004542694,-0.06565175087353758,-0.03430820779792184,-1.0145009322008231e-05,-3.291958004542694,-3.586686708275949,2.106235522212296,6.003362454545454
2,b2c20,489.0,5.2C(58%)-4C,506,506,0.82856864,5.2,58.0,4.0,1.1002067373626374,2.7545793916224386e-05,0.016612389571428573,33.62125729062964,36.911298724852614,53.2764745970696,10.172940000000137,3932.592796666666,1,0,False,395.0,-3.5124726137209346e-05,-0.002206609933620038,0.9612274606061585,1602.8542061092235,395.0,388.0,7.0,0.013861386138613862,True,False,0.0038581999999998118,True,True,False,0.0003619883290668569,-3.4413054314104006,-0.06050408803806073,-0.024435139451588442,-0.000202456546077375,-3.4413054314104006,-3.5899809589127285,2.059970978728867,5.208181909090909
2,b2c21,408.0,6C(60%)-3C,426,426,0.82783753,6.0,60.0,3.0,1.101203652967033,3.9052729096991255e-05,0.017202596604395607,33.62046949381312,38.73104950098303,10.174717582417612,10.174821666666928,10.176488333333205,0,0,False,306.0,-0.00011874587637830901,-0.001867802603658781,0.9482917891177964,1223.1456622206404,306.0,306.0,0.0,0.0,True,False,-0.002316299999999938,True,True,False,0.0004713254868518693,-3.326679075199306,-0.06446758204398206,-0.03328855261100499,-0.00018204043054211816,-3.326679075199306,-3.6281995905769677,2.062762190052469,6.00535309090909
2,b2c22,,VarCharge-2C-100cycles,920,920,1.0556005,,,,1.0911508381111112,-7.30563340788864e-06,0.021770682,34.49611332566944,38.1144337379883,34.49778465201456,24.217241666665846,960.0854733333322,1,1,False,357.0,-5.121174843944286e-05,-2.9039962495354523e-05,0.3701226527440181,407.0025613566374,357.0,357.0,0.0,0.0,False,True,-0.009375200000000028,True,True,False,2.2847111406387513e-05,-4.641168700608011,-0.006779169322993939,-0.002618816303222525,0.000200787703856379,-4.641168700608012,-4.567179829152979,1.47955576436037,2.000556454545454
2,b2c23,,VarCharge-4C-100cycles,1152,1152,0.97824305,,,,1.0849356576666669,-0.00011735483921603266,0.021160888999999992,34.14808267074589,35.53042783267769,22.62894368131869,12.211763333333268,960.0515949999991,1,2,False,938.0,-6.497328603295104e-05,-0.00023383687325101855,0.823840189920204,1967.1116428815556,938.0,938.0,0.0,0.0,True,True,-0.016581300000000132,True,True,False,4.4029699642585154e-05,-4.356254277157163,-0.01921756649136097,-0.011590160361131023,0.00020344827308967295,-4.356254277157163,-4.92787456097012,2.5343448737911323,4.002062181818181
2,b2c24,514.0,4.8C(80%)-4.8C,536,536,0.82615805,4.8,80.0,4.8,1.0965198076923075,4.004748686096753e-05,0.0165101892967033,33.21702458756963,38.24827157717099,10.169970677655682,10.169733333333474,10.173275000000043,0,0,False,396.0,-9.763624913631401e-05,-0.001565456705458168,0.9487186931494841,1552.8816724643493,396.0,396.0,0.0,0.0,True,False,0.00628659999999992,True,True,False,0.00022862026926774183,-3.6408852680750527,-0.04572997432532899,-0.02277147977476359,6.422339966413571e-05,-3.6408852680750527,-3.946328693214337,1.9493982704768338,4.804257454545454
2,b2c25,493.0,5.2C(58%)-4C,511,511,0.82751423,5.2,58.0,4.0,1.102427543956044,3.655321070234296e-05,0.016742088362637367,32.24100069749957,34.46886471025039,10.172898333333311,10.173004999999344,10.175423333334038,0,0,False,399.0,-5.633766506245615e-05,-0.0021473556999568122,0.9602967141376229,1607.176106115282,399.0,392.0,7.0,0.013725490196078431,True,False,0.005356099999999975,True,True,False,0.0002920936192579677,-3.5344779300217333,-0.05050846489030969,-0.023610982444417374,-4.5340619104201576e-05,-3.5344779300217333,-3.7537411566322656,2.0621301998222257,5.206673363636363
2,b2c26,450.0,5.6C(26%)-4.5C,476,476,0.82529837,5.6,26.0,4.5,1.1040673912087913,-8.591318681323915e-06,0.01765810278021978,33.695869210067514,36.826825391778556,53.303939358974326,10.177438333333217,3933.121078333333,1,0,False,350.0,-0.00020783156438185295,-0.0016678978565315213,0.9321226917090949,1243.9623228731157,350.0,350.0,0.0,0.0,True,False,4.099999999995774e-05,True,True,False,0.0005997170447101127,-3.2220536077932804,-0.0733087791289827,-0.03803854165400029,-1.797096058341749e-05,-3.2220536077932804,-3.5391474914842718,2.365413592428463,5.603110545454546
2,b2c27,474.0,5.2C(50%)-4.25C,493,493,0.8266983,5.2,50.0,4.25,1.0988598538461538,8.367819397993538e-05,0.017591365967032965,33.307932151861586,38.15734851243812,10.174668223443103,10.174669999999848,10.17856333333378,0,0,False,377.0,-5.8704704627231446e-05,-0.002083508334384324,0.9605887559270079,1552.7486246677317,377.0,370.0,7.0,0.014227642276422764,True,False,0.006948799999999977,True,True,False,0.0003264347368865592,-3.48620363289781,-0.05449125756065937,-0.02468392780224258,-4.782864079464313e-05,-3.48620363289781,-3.687400005680872,2.0097079355299248,5.2055739999999995
2,b2c28,437.0,4.8C(80%)-4.8C,456,456,0.82741743,4.8,80.0,4.8,1.0953680318681318,5.108195572543323e-05,0.016246950296703297,32.1423761423245,35.363978951304524,53.28949512820504,10.17329000000027,3933.7361466666666,1,0,False,328.0,-0.00015040800330421163,-0.0016052231888071828,0.9307844558922984,1181.5217104507012,335.0,328.0,7.0,0.015384615384615385,True,False,0.005930200000000108,True,True,False,0.00037721489290159214,-3.4234111691232063,-0.05649138678277321,-0.027989332592662373,-1.6725146193166066e-05,-3.4234111691232063,-3.6702450600227743,1.957146424536594,4.801469272727273
2,b2c29,452.0,5.2C(58%)-4C,470,470,0.82541627,5.2,58.0,4.0,1.110589825274725,0.00011401295747730604,0.016734517087912088,31.793738230497542,34.44886956112214,10.173047326007305,10.17290499999993,10.175125000000117,0,0,False,352.0,-6.617282318154679e-05,-0.002108621449811541,0.9591792633170432,1462.2717033299998,352.0,345.0,7.0,0.014925373134328358,True,False,0.010227500000000056,True,True,False,0.0003102785983552323,-3.5082481790944344,-0.05263352953614442,-0.02532223237657199,-7.556575465258704e-05,-3.5082481790944344,-3.7525804507224105,2.0014685182327066,5.205525454545454
2,b2c30,412.0,5.6C(26%)-4.5C,429,429,0.82665932,5.6,26.0,4.5,1.0926990395604397,-8.940455964325517e-05,0.01682596767032967,33.81905122348488,37.3725867014557,53.31188326007324,10.179321666666754,3933.4007583333337,1,0,False,326.0,-0.00019018788404073032,-0.0018155050842262243,0.9311048137124909,1111.4904573920796,332.0,326.0,6.0,0.014018691588785047,True,False,-0.005918899999999949,True,True,False,0.0006525149114268708,-3.1854095592748743,-0.07552303651130998,-0.03965588948997046,1.2939904099703718e-05,-3.1854095592748743,-3.504018876518339,2.3380998483416486,5.605024818181818
2,b2c31,425.0,5.6C(26%)-4.5C,446,446,0.82528561,5.6,26.0,4.5,1.0999095824175824,4.7088318203547896e-05,0.016292768164835165,33.36490461513517,35.67206685007865,10.19509214285708,10.178381666667216,10.257450000000729,0,0,False,333.0,-0.00021697907725908445,-0.0017429612411048777,0.9149530622755423,1064.8493429177854,333.0,327.0,6.0,0.01348314606741573,True,False,0.002072800000000097,True,True,False,0.00044426404704274566,-3.35235883148731,-0.06422883358208353,-0.030624456764042955,0.00023918277535370821,-3.35235883148731,-3.6178137560831787,2.3935434677546605,5.603557909090909
2,b2c32,809.0,4.8C(80%)-4.8C-newstructure,834,834,0.82744044,4.8,80.0,4.8,1.090116698901099,-7.674978818282664e-05,0.014808498252747252,32.17084948990925,33.94776618670259,53.15537093406601,10.040874999999748,3933.4551883333334,1,0,False,636.0,-9.50620823404897e-05,-0.0008982794278174996,0.921670696931615,2087.7068748692627,649.0,636.0,13.0,0.015606242496998799,True,False,-0.003806299999999929,True,True,False,7.388118368069333e-05,-4.131466155166347,-0.02746120651303563,-0.013389939833647101,-0.00010176616792671291,-4.131466155166347,-4.453520548357475,2.450841683747073,4.800657818181818
2,b2c33,1140.0,5.2C(58%)-4C-newstructure,1190,1190,0.82506907,5.2,58.0,4.0,1.0702855604395605,-0.00013961106864150057,0.01498708175824176,32.75110583059949,34.30960017028763,10.039593333333256,10.039308333332883,10.056469999999779,0,0,False,914.0,-5.6737700258017936e-05,-0.0006494771124301507,0.9812381388766377,4681.424072821471,914.0,914.0,0.0,0.0,True,False,-0.005766399999999949,True,True,False,5.866400117176798e-05,-4.23162831933775,-0.024084742136216253,-0.011579541007786182,-0.00017994315897418457,-4.23162831933775,-4.479881346911874,2.6154144393875955,5.206912636363636
2,b2c34,1186.0,5.6C(26%)-4.5C-newstructure,1252,1252,0.82562441,5.6,26.0,4.5,1.0670593274725275,-6.514612836439189e-05,0.014949122846153847,35.67966274463535,38.966040174522085,53.16224424908428,10.040186666666704,3934.1237716666665,1,0,False,962.0,-6.176531235357057e-05,-0.0006083303974835054,0.9812102200159036,4925.981057127205,962.0,962.0,0.0,0.0,True,False,-0.0043455999999999495,True,True,False,3.5597117054099105e-05,-4.448585173324752,-0.01914294964399932,-0.008120054579074073,2.0639839266267136e-05,-4.448585173324752,-4.63216615492502,2.7130735865238633,5.606394636363636
2,b2c35,,VarCharge-6C-100cycles,423,423,0.88112044,,,,1.0442337028888888,-0.00041917475346873296,0.020666521,36.52310164180982,38.39184523605599,18.557187472527463,8.09792166666642,959.8723566666672,1,1,False,292.0,-0.0002994194458234146,-0.0006581506126335956,0.9227087206730512,1045.305026990021,292.0,286.0,6.0,0.014218009478672985,True,False,-0.03594419999999987,True,True,False,0.000604075245598287,-3.2189089608610653,-0.07570840765806064,-0.044821244304517734,0.0002125234038513164,-3.2189089608610653,-3.8746816893438827,3.4089483039097654,6.0027313636363635
2,b2c36,,VarCharge-8C-100cycles,280,280,0.88107425,,,,1.0299547163333334,-0.0007664653788290048,0.02033557,38.600933865467184,41.42709901534495,17.265190238095265,6.807315000000139,960.2771749999995,1,1,False,190.0,-0.0005288068646567399,-0.0008301815836139931,0.6237284826597189,252.71311049670547,194.0,186.0,8.0,0.02867383512544803,True,False,-0.06289379999999989,True,True,False,0.002065771068001692,-2.6849178093471577,-0.1360257368450053,-0.08442876531435932,5.086237944872314e-06,-2.6849178093471577,-3.3672553755916104,4.270461332902955,8.00883209090909
2,b2c37,,3.6C(80%)-3.6C(SLOWCYCLE,101,101,2.1693008,3.6,80.0,3.6,1.0841993754444446,4.146124624436755e-06,0.01724756624175824,32.92755112744068,38.009254551121046,18.634506538461693,13.504223333334085,480.3559083333336,1,2,False,,,,,,,,,,False,True,,True,True,False,1.695856550878882e-05,-4.770610886629153,-0.028681743378075525,-0.0029820466170849703,-4.76083343489016e-05,-4.770610886629153,-4.696044065296432,1.67440159283438,3.6009953636363634
2,b2c38,,4.8C(80%)-4.8C(SLOWCYCLE,101,101,2.1653843,4.8,80.0,4.8,1.0840077944444444,-6.0550901757420906e-05,0.016575177461538464,32.211428812132965,400.0,15.334740054945106,10.169890000001761,480.3436683333343,1,2,False,,,,,,,,,,False,True,,True,True,False,6.0904550971893996e-05,-4.215350254359975,-0.03614952540357205,-0.013148209711945616,-0.0001856671900010637,-4.215350254359975,-4.625059965450934,1.9419257479713474,4.8102742727272725
2,b2c39,,3.6C(9%)-5C(SLOWCYCLE,434,434,0.88120419,3.6,9.0,5.0,1.0711028111111112,-7.877142527883738e-05,0.01678890668131868,32.89630213564834,37.685452286269765,15.339982912087837,10.175564999998702,480.3493683333334,1,1,False,293.0,-0.00017094214134503517,-0.0009458423885517273,0.9430171402193347,1202.6625521652168,293.0,287.0,6.0,0.013856812933025405,True,False,,True,True,False,0.0004339268330283632,-3.3625834932774885,-0.06095179783518334,-0.03455301965015995,-0.00019985823949017137,-3.3625834932774885,-3.775842225314564,1.8499872055246136,5.002715363636363
2,b2c40,,5.2C(58%)-4C(SLOWCYCLE,459,459,0.88021344,5.2,58.0,4.0,1.0856306522222223,-2.4266833765481506e-05,,32.4766687726498,36.77439844682266,58.44570928571431,10.173168333332676,3932.943618333333,2,1,False,324.0,-0.0001711038475931621,-0.0010617002586880248,0.9281331259257126,1169.9759435580738,324.0,324.0,0.0,0.0,True,False,,True,True,False,0.0002514390480151275,-3.5995672762895525,-0.048163210220580344,-0.02547583082825176,-4.731400007393726e-05,-3.5995672762895525,-3.981561695937181,1.9819568525493918,5.204436545454545
2,b2c41,442.0,5.6C(26%)-4.5C,463,463,0.82606894,5.6,26.0,4.5,1.1060005835164834,2.763353240961766e-05,,30.168518108923273,32.67568137954914,53.30479223443221,10.177141666666527,3933.623046666667,1,0,False,340.0,-0.00016719654016848074,-0.0017871395292729663,0.9363653124087474,1238.350641544723,340.0,333.0,7.0,0.015151515151515152,True,False,0.003105399999999925,True,True,False,0.0006724100406155343,-3.1723658101769976,-0.08093104924483763,-0.037768291495701274,-6.211618663962346e-05,-3.1723658101769976,-3.4147193645905487,2.3484234239097184,5.60672409090909
2,b2c42,474.0,5.2C(50%)-4.25C,497,497,0.82577723,5.2,50.0,4.25,1.1074603032967034,8.673744545309738e-05,,31.703853328856898,35.61174824671309,10.175137216117209,10.175188333333548,10.177431666666719,0,0,False,351.0,-6.234174173301811e-05,-0.0017096011908109452,0.9576849032445327,1530.9737125316828,351.0,351.0,0.0,0.0,True,False,0.00849040000000012,True,True,False,0.0003291640157368037,-3.482587648007536,-0.054167624970645756,-0.02934071492636848,-3.450833605905964e-05,-3.482587648007536,-3.8602108257682577,1.9790043169175087,5.203767272727272
2,b2c43,1029.0,4.8C(80%)-4.8C-newstructure,1061,1061,0.82532436,4.8,80.0,4.8,1.0984949758241755,-8.207105590061978e-05,,33.9996775960074,37.098467474036276,10.036811593406627,10.036901666666381,10.039461666666709,0,0,False,830.0,-5.2264224941841907e-05,-0.0009122863990996628,0.9539375051568643,3223.882647690909,830.0,830.0,0.0,0.0,True,False,-0.0031058000000001584,True,True,False,5.3483284647826735e-05,-4.271781928623568,-0.019164842112240565,-0.00777834835139346,4.2778434699484677e-05,-4.271781928623568,-4.291285117538377,2.4460900099445153,4.802859909090909
2,b2c44,841.0,5.2C(58%)-4C-newstructure,874,874,0.82503617,5.2,58.0,4.0,1.0975979263736264,-2.9368394648826308e-05,,33.97846626034563,36.9191521602275,53.14453857142855,10.040275000000838,3932.50703,1,0,False,694.0,-4.236911641298692e-05,-0.001317458648905319,0.9701930779330373,3025.232194481462,694.0,694.0,0.0,0.0,True,False,-0.0010189000000000448,True,True,False,4.3199281110227894e-05,-4.36452348032534,-0.020302277620516618,-0.008750572617170911,-0.00010604102799554463,-4.36452348032534,-4.54335290146081,2.519923077838241,5.203742999999999
2,b2c45,997.0,5.6C(26%)-4.5C-newstructure,1027,1027,0.82734823,5.6,26.0,4.5,1.1010167824175823,-8.36388612836361e-05,,35.26189324143087,37.8542321823867,10.04019712454209,10.040433333333446,10.043775000000217,0,0,False,770.0,-4.654999117245617e-05,-0.0008350331441327718,0.946027714538435,2957.9805287000836,770.0,770.0,0.0,0.0,True,False,-0.0035545999999999633,True,True,False,6.680132101075869e-05,-4.175214949171005,-0.026670418787086536,-0.011157666285585534,5.9606094910423025e-06,-4.175214949171005,-4.360243174603357,2.576614376975361,5.603183363636363
2,b2c46,503.0,4.8C(80%)-4.8C,523,523,0.82638663,4.8,80.0,4.8,1.1026365945054946,1.981349259437136e-05,,29.892159474125208,31.030537126617812,53.28706027472527,10.169801666667142,3933.8403033333334,1,0,False,393.0,-0.00015054857177846198,-0.001599608300191831,0.937627554538639,1413.6762371311547,401.0,393.0,8.0,0.01532567049808429,True,False,-0.001817100000000016,True,True,False,0.00030983099889204734,-3.5088751328187002,-0.05286240500828243,-0.02283429863191323,-0.0010864740825476788,-3.5088751328187002,-3.6737099438991723,1.8958582281593022,4.806192545454545
3,b3c0,1009.0,5C(67%)-4C-newstructure,1008,1008,0.8804329,5.0,67.0,4.0,1.070498301098901,-1.5158867654082956e-05,0.015228889351648355,32.20608790756306,33.58057561048983,10.042506868131868,10.042394999999669,10.050220000000262,0,0,False,835.0,-6.151765950320632e-05,-0.0007493974165097996,0.953975466248085,3061.688591997099,835.0,835.0,0.0,0.0,True,False,-0.0009647000000001515,True,True,False,5.687024898905241e-05,-4.245114870317645,-0.02331165742747432,-0.01010217739369119,3.6130938876897988e-06,-4.245114870317645,-4.44377625429458,2.536009478458306,5.007712636363636
3,b3c1,1063.0,5.3C(54%)-4C-newstructure,1062,1062,0.8802734,5.3,54.0,4.0,1.0677745901098903,-2.3035981844234756e-05,0.014977933208791205,34.85069370345211,38.01941639228508,10.041386007325949,10.041276666666574,10.043931666666564,0,0,False,864.0,-5.801372399325642e-05,-0.0006801360764809038,0.9752562295656324,3881.3193448736897,864.0,864.0,0.0,0.0,True,False,-0.001784299999999961,True,True,False,5.181521321780508e-05,-4.28554271039912,-0.022324177554068236,-0.009621018929360837,-0.000191517378292864,-4.28554271039912,-4.461671649285152,2.614233059382491,5.3054359090909085
3,b3c2,1267.0,5.6C(19%)-4.6C-newstructure,1266,1266,0.88013124,5.6,19.0,4.6,1.0620831197802199,-2.7150113075325063e-05,0.014607483439560438,36.83768238936076,40.57642356099609,10.04364670329666,10.043696666666074,10.050170000000314,0,0,False,993.0,-5.367498785311652e-05,-0.00048555163648347023,0.9857055110785415,5325.313709657975,993.0,993.0,0.0,0.0,True,False,-0.0021739999999998982,True,True,False,1.6619555727408117e-05,-4.77938058992098,-0.008648038341613706,-0.0026131423354832516,-4.538017227609126e-06,-4.77938058992098,-4.692145770957635,2.797424895615596,5.603086272727272
3,b3c3,1115.0,5.6C(36%)-4.3C-newstructure,1114,1114,0.88058406,5.6,36.0,4.3,1.0646975626373627,-1.969855709507913e-05,0.01500278831868132,36.077997165743646,39.42741030025635,10.041500054945082,10.04134666666602,10.048833333334187,0,0,False,907.0,-5.711278900352814e-05,-0.0006381868561498394,0.9704824937682117,3878.6475936397364,907.0,907.0,0.0,0.0,True,False,-0.0015107999999999233,True,True,False,7.645259474220121e-05,-4.116607770381197,-0.026836614735112785,-0.010705414352713173,5.160369711849119e-06,-4.116607770381197,-4.245139653815706,2.7358184854494825,5.611776909090908
3,b3c4,1048.0,5.6C(19%)-4.6C-newstructure,1047,1047,0.88001466,5.6,19.0,4.6,1.0746053164835165,-1.1781070234118693e-05,0.01512416971428571,32.12557596502858,32.986251006637424,10.045643296703325,10.04589833333254,10.046983333333628,0,0,False,819.0,-6.38238411994732e-05,-0.0006184989826045564,0.9622812070923263,3388.2554002671272,819.0,819.0,0.0,0.0,True,False,-0.0006804999999998618,True,True,False,6.630317519564988e-05,-4.178465673149821,-0.024810275761238065,-0.01010643886890673,-7.030227060027041e-05,-4.178465673149821,-4.3142077239000285,2.604048039918717,5.601279545454545
3,b3c5,828.0,5.6C(36%)-4.3C-newstructure,827,827,0.88066918,5.6,36.0,4.3,1.0531787692307693,-2.237926580665397e-05,0.015171881615384616,35.59140516360937,39.72348330869698,10.042010677655755,10.041995000000073,10.043693333333552,0,0,False,682.0,-8.349686154868659e-05,-0.0007723231530300062,0.9355703434048347,2229.690534338949,682.0,682.0,0.0,0.0,True,False,-0.0018407000000000284,True,True,False,7.683799523990656e-05,-4.114423974726586,-0.025445098246365427,-0.011445765437692483,0.00015212272331683056,-4.114423974726586,-4.3149239950468,2.6599966936379382,5.609262636363636
3,b3c6,667.0,3.7C(31%)-5.9C-newstructure,666,666,0.88052577,3.7,31.0,5.9,1.0529569846153846,-0.0002030154196528045,0.013746279076923077,34.115817620720705,37.01743090956861,10.082544725274769,10.079078333333019,10.119386666666832,0,0,False,464.0,-0.00020944236848379974,-0.000393163863068669,0.9686348609925347,2261.596886125639,464.0,464.0,0.0,0.0,True,False,-0.01867390000000002,True,True,False,0.00029805183986089944,-3.5257081929454923,-0.05320164659124538,-0.028517561100453784,0.00017730702203217836,-3.5257081929454923,-3.9547737696296865,2.4637664955934038,5.90107309090909
3,b3c7,1836.0,4.8C(80%)-4.8C-newstructure,1835,1835,0.88036358,4.8,80.0,4.8,1.0702813296703297,-1.0694795349574862e-05,0.015424254714285714,32.808879475206744,34.28913968958037,11.040780219780252,11.038683333333271,11.056544999999945,0,0,False,1416.0,-4.106977322034497e-05,-0.0003025977548004941,0.9688714286334555,6320.523131310827,1416.0,1416.0,0.0,0.0,True,False,-0.0018107999999998903,True,True,False,3.2453221357996856e-05,-4.488742187967907,-0.017059021835070354,-0.007037779014879844,0.00012586411916438802,-4.488742187967908,-4.6401262551972975,2.29978641238952,4.368764727272727
3,b3c8,828.0,5C(67%)-4C-newstructure,827,827,0.88094097,5.0,67.0,4.0,1.0681321461538462,-1.3573261665868152e-05,0.015244694604395606,33.068549203584894,35.097737468481,10.043185439560489,10.043091666666442,10.045656666667007,0,0,False,682.0,-7.153097239567764e-05,-0.0008884733702366018,0.9500327885518113,2437.631871763104,682.0,682.0,0.0,0.0,True,False,-0.0009093000000000018,True,True,False,8.094615840627263e-05,-4.091803757442373,-0.026848970612832312,-0.011806368426415048,3.896464001430355e-06,-4.091803757442373,-4.281897165234162,2.499048185978823,5.003187
3,b3c9,1039.0,5.3C(54%)-4C-newstructure,1038,1038,0.8801114,5.3,54.0,4.0,1.0729908626373625,-8.854330307374407e-06,0.015794970285714287,33.09866042369786,35.115827682084735,10.04111170329672,10.041666666666666,10.043338333333184,0,0,False,844.0,-5.419939983762728e-05,-0.0007271223857978863,0.9523192216762705,3117.6078280240667,844.0,844.0,0.0,0.0,True,False,-0.00033180000000010423,True,True,False,0.00010416049784765705,-3.982296953008088,-0.0295752747869662,-0.01447801181075607,-0.00017283211652117348,-3.982296953008088,-4.222172505415156,2.4939416476780125,5.303317
3,b3c10,1078.0,4.8C(80%)-4.8C-newstructure,1077,1077,0.88064086,4.8,80.0,4.8,1.0644749285714286,-1.0829767478889913e-05,0.015365414164835167,32.54399223428314,34.8049718788191,11.038963479853486,11.03801333333322,11.070910000000003,0,0,False,877.0,-5.6597414472764886e-05,-0.0006939194450448206,0.9751836994424703,3933.6527853010907,877.0,877.0,0.0,0.0,True,False,-0.0019160000000000288,True,True,False,3.8783238947594476e-05,-4.4113559240265765,-0.019093025885229542,-0.008335183582489896,-6.962870536587714e-05,-4.4113559240265765,-4.5912862674207515,2.371695048707557,4.366635454545454
3,b3c11,817.0,5.6C(19%)-4.6C-newstructure,816,816,0.88113368,5.6,19.0,4.6,1.0698716164835165,-2.6095773212293817e-05,0.015521386307692309,34.21806492719247,37.644616364481685,10.042474047619098,10.042734999999327,10.048581666667209,0,0,False,647.0,-8.778163451939336e-05,-0.0007587478877162701,0.9432378203602356,2301.8035690046836,647.0,635.0,12.0,0.014723926380368098,True,False,-0.002304900000000165,True,True,False,0.00013034033579521087,-3.884921164468091,-0.034087374997818,-0.015620691175653465,0.0001621390525086798,-3.884921164468091,-4.1029589795933505,2.5634706017825435,5.604650363636363
3,b3c12,932.0,5.6C(36%)-4.3C-newstructure,931,931,0.88080788,5.6,36.0,4.3,1.0764089472527474,-1.403298136645261e-05,0.016044263395604396,33.23519248947025,35.574348927373805,10.042464597069563,10.042371666666197,10.04386999999988,0,0,False,755.0,-6.274162763718477e-05,-0.0008116505980907164,0.9465837814214493,2687.475782869091,755.0,755.0,0.0,0.0,True,False,-0.001004299999999958,True,True,False,0.00011303424118898805,-3.9467899768101886,-0.03173492178819726,-0.01531489306361951,-0.00010094321934228439,-3.9467899768101886,-4.2081506035665885,2.5708459886395723,5.602399636363637
3,b3c13,816.0,5.6C(19%)-4.6C-newstructure,815,815,0.88024569,5.6,19.0,4.6,1.0688204197802196,-2.3632121356909914e-05,0.015122703373626372,34.130941749387844,37.257621839520205,10.042348919413891,10.04222333333358,10.044450000000264,0,0,False,634.0,-8.824616504282757e-05,-0.0006882559435433965,0.9409971480201159,2267.732447582673,634.0,621.0,13.0,0.01597051597051597,True,False,-0.0016103999999999008,True,True,False,8.045138308284514e-05,-4.094466485311571,-0.027646083960900736,-0.01176548019743392,-0.0001410059796855685,-4.094466485311571,-4.276700684377844,2.581377757802316,5.603689727272727
3,b3c14,858.0,5.6C(36%)-4.3C-newstructure,857,857,0.88065648,5.6,36.0,4.3,1.0771955813186813,-7.178810320113945e-06,0.015546697032967037,33.13147973943754,35.51498902890774,10.041892417582439,10.0419783333331,10.043568333333436,0,0,False,667.0,-7.018047658325589e-05,-0.0007188700773640827,0.9408409268288527,2384.255699692359,667.0,667.0,0.0,0.0,True,False,7.359999999989597e-05,True,True,False,0.00010007654534836023,-3.999667694941731,-0.029282360362737236,-0.013203557332650977,2.238046369679037e-05,-3.999667694941731,-4.194559392596742,2.5555206614647643,5.604952
3,b3c15,876.0,5.9C(15%)-4.6C-newstructure,875,875,0.88058048,5.9,15.0,4.6,1.0706127043956042,-1.980556458034287e-05,0.015300798483516483,33.52853845600545,36.84860843164023,10.041694835164904,10.041720000000593,10.04381999999993,0,0,False,668.0,-7.746846714736667e-05,-0.000617081120261627,0.936953466050708,2379.9942077021333,668.0,668.0,0.0,0.0,True,False,-0.001545099999999966,True,True,False,9.984253014088351e-05,-4.000684421929468,-0.02948434500233621,-0.013340330831580071,4.143732557325617e-05,-4.000684421929468,-4.208768689211787,2.61814055227337,5.907599727272727
3,b3c16,1638.0,4.8C(80%)-4.8C-newstructure,1637,1637,0.88014877,4.8,80.0,4.8,1.0635941010989012,-1.883284280936714e-05,0.015303965516483517,34.95522704674217,37.84986899726886,11.04023639194139,11.04018666666622,11.056783333333442,0,0,False,1289.0,-4.606302994781708e-05,-0.00035478888187342425,0.9836982191131668,6686.840723117158,1289.0,1289.0,0.0,0.0,True,False,-0.0010419999999999874,True,True,False,2.020628622431914e-05,-4.694513499472995,-0.013451995639618852,-0.005323302354980101,6.400532181113878e-05,-4.694513499472995,-4.79865899037914,2.4216518485762024,4.365435545454544
3,b3c17,1315.0,5.3C(54%)-4C-newstructure,1314,1314,0.88043362,5.3,54.0,4.0,1.0669601131868132,-1.4394919573166945e-06,0.01544088182417582,35.095867839816854,37.43470808452706,10.042097307692295,10.04246666666586,10.044129999999617,0,0,False,1031.0,-5.325276358316302e-05,-0.00046900083119180247,0.9851089817072384,5475.783229605031,1031.0,1031.0,0.0,0.0,True,False,-0.002462699999999929,True,True,False,3.633180045384266e-05,-4.439713079764758,-0.017882391550413823,-0.007236216829825155,0.00017009123470316636,-4.439713079764758,-4.557380136920605,2.6585326170396035,5.306667
3,b3c18,1146.0,5.6C(19%)-4.6C-newstructure,1145,1145,0.88003904,5.6,19.0,4.6,1.0688358879120878,-3.550209428252919e-05,0.015012516714285716,35.30985537838845,37.99532327372496,10.043114267399245,10.043173333333106,10.044616666667086,0,0,False,897.0,-5.989032320534875e-05,-0.0005468815992982763,0.9793326073370552,4392.698452565749,897.0,897.0,0.0,0.0,True,False,-0.003002799999999972,True,True,False,5.571190370898626e-05,-4.254052001185467,-0.02345576998165999,-0.010342257243667845,-0.00018487470510353789,-4.254052001185467,-4.454959362551178,2.656619451438097,5.602683999999999
3,b3c19,1155.0,5.6C(36%)-4.3C-newstructure,1154,1154,0.88007373,5.6,36.0,4.3,1.0726756901098902,-3.5161089345438536e-05,0.015460329428571428,35.11627590175709,37.90750564567227,10.043198241758194,10.043325000000186,10.046208333333682,0,0,False,904.0,-5.98857802233981e-05,-0.0005582668534273962,0.9863485223185406,4902.437777009337,904.0,904.0,0.0,0.0,True,False,-0.003026999999999891,True,True,False,6.730667325120848e-05,-4.171941874669042,-0.025293657704202555,-0.011545479663150093,-2.1646932758676235e-05,-4.171941874669042,-4.3976699821156675,2.636189844772177,5.6024794545454535
3,b3c20,813.0,5C(67%)-4C-newstructure,812,812,0.88059181,5.0,67.0,4.0,1.0675296890109889,-1.5147082337950086e-05,0.015258267032967034,33.11391708302053,35.760750013088355,10.043402454212483,10.043170000000584,10.0532249999999,0,0,False,682.0,-7.218464125089911e-05,-0.001046975185515716,0.9570424840638027,2514.10084406564,682.0,669.0,13.0,0.016029593094944512,True,False,-0.0010921000000001513,True,True,False,8.583320053473407e-05,-4.066344693269561,-0.028071993572476917,-0.011919383387319954,-2.8411211548175675e-05,-4.066344693269561,-4.22740851766032,2.510461091448223,5.007868636363636
3,b3c21,772.0,3.7C(31%)-5.9C-newstructure,771,771,0.8801983,3.7,31.0,5.9,1.0614211648351646,-0.00016548362478102064,0.014105092043956045,34.92716014483845,37.930041643508495,10.080266025641029,10.076336666666611,10.11326500000044,0,0,False,599.0,-0.00015486594300829338,-0.0004702761189215027,0.9378882816431682,2104.1894090007195,599.0,587.0,12.0,0.015584415584415584,True,False,-0.01478619999999986,True,True,False,0.00019754830798491912,-3.704326685729231,-0.04327614857800555,-0.02353870422305198,-4.139469252151072e-05,-3.704326685729231,-4.148371951371852,2.5280632031742423,5.901506636363636
3,b3c22,1002.0,5.9C(60%)-3.1C-newstructure,1001,1001,0.88094068,5.9,60.0,3.1,1.0581935967032965,-2.3564351011294978e-05,0.015677054527472527,34.63132729414493,37.551694195239676,10.042516941391874,10.042931666666602,10.044803333333887,0,0,False,861.0,-5.564449927828041e-05,-0.0008274645053258429,0.945008094419348,2863.56527541999,861.0,861.0,0.0,0.0,True,False,-0.0015982999999999414,True,True,False,8.977958692912617e-05,-4.046822397094466,-0.028409329718630083,-0.013722550516362944,-5.9000428325676763e-05,-4.046822397094466,-4.3141995018898465,2.76057548932378,5.902782818181818
3,b3c23,,4.8C(80%)-4.8C-newstructure,2189,2189,0.93701142,4.8,80.0,4.8,1.0681548208791212,-1.0243317407231193e-05,0.01525682895604396,34.94510048395426,38.2149795451217,11.038425604395592,11.0378183333339,11.05499833333403,0,0,False,1872.0,-3.712248241182246e-05,-0.0001911414239566055,0.9668334929506472,7410.173964341982,1872.0,1836.0,36.0,0.016453382084095063,True,True,-0.0014676000000000133,True,True,False,2.8589729471192788e-05,-4.5437899541111975,-0.01560831972082899,-0.006808658684372332,-3.2463252696005767e-06,-4.5437899541111975,-4.694486864242537,2.3623081850723384,4.366715181818181
3,b3c24,825.0,5C(67%)-4C-newstructure,824,824,0.88021326,5.0,67.0,4.0,1.0506127439560438,-2.15247650899136e-07,0.015544138791208792,34.700446770400006,37.26471307820583,10.041816959706937,10.04187666666694,10.045090000000103,0,0,False,679.0,-7.210966735655841e-05,-0.0007733872174823042,0.9347579752616908,2211.2595689566565,679.0,679.0,0.0,0.0,True,False,0.00012279999999997848,True,True,False,6.994312062017459e-05,-4.155254994876533,-0.0247723986145858,-0.010345482795288031,-9.034103401127049e-05,-4.155254994876533,-4.304999187467652,2.594402998508284,5.005732454545455
3,b3c25,989.0,5.3C(54%)-4C-newstructure,988,988,0.88167018,5.3,54.0,4.0,1.064983831868132,-2.9054260232480894e-06,0.015638550835164834,35.59607204985471,38.92090922380145,10.042504725274737,10.042501666666551,10.046241666666658,0,0,False,818.0,-5.906607419231053e-05,-0.0007521166440824301,0.9644272754102567,3252.3433366438644,818.0,818.0,0.0,0.0,True,False,0.00016020000000005474,True,True,False,7.135743905511085e-05,-4.1465607447332715,-0.026576249209760316,-0.010925821646167616,-0.00019607578884157486,-4.1465607447332715,-4.308162633911956,2.6170469732360093,5.301728727272727
3,b3c26,1028.0,5.6C(19%)-4.6C-newstructure,1027,1027,0.88023561,5.6,19.0,4.6,1.0752355,-9.675868768901348e-06,0.01558993423076923,35.76291274854084,39.16431080920562,10.042283937728902,10.042310000000482,10.044626666666591,0,0,False,803.0,-6.347155095673045e-05,-0.0006379729886770777,0.971200917798271,3597.4139816355164,803.0,803.0,0.0,0.0,True,False,-0.0005151999999999379,True,True,False,6.032434097872005e-05,-4.219507413901045,-0.02417913926788795,-0.01013959278346487,-1.0310229985702982e-05,-4.219507413901045,-4.389147701216874,2.6042396682234936,5.605451454545454
3,b3c27,850.0,5.6C(36%)-4.3C-newstructure,849,849,0.88002509,5.6,36.0,4.3,1.0638216736263735,-1.3569039655995085e-05,0.014913976747252746,35.324266419529465,38.4786412703192,10.045011721611743,10.044994999999956,10.046764999999626,0,0,False,674.0,-7.187812763941736e-05,-0.0007407148723350995,0.9562981535078536,2616.039732332983,674.0,674.0,0.0,0.0,True,False,-0.0010832000000000619,True,True,False,7.410844302086189e-05,-4.130132310934438,-0.026600290807078597,-0.01070991087322853,0.00010127144451399462,-4.130132310934438,-4.2887737237359245,2.646606163376935,5.602541818181818
3,b3c28,541.0,3.7C(31%)-5.9C-newstructure,540,540,0.88010961,3.7,31.0,5.9,1.0438209593406593,-0.00020474461697721804,0.013441283329670331,35.72293765850798,39.566122209843854,10.091233113553178,10.085155000000183,10.14409666666664,0,0,False,375.0,-0.00023546104064559435,-0.0004814336546801926,0.9551117518520322,1635.451058976866,375.0,375.0,0.0,0.0,True,False,-0.018448300000000195,True,True,False,0.00035346149253269254,-3.451657893017001,-0.05783112055064066,-0.03025611921470947,-3.7902346539126907e-06,-3.451657893017001,-3.8203810946687597,2.418364103942424,5.90237009090909
3,b3c29,858.0,5.9C(15%)-4.6C-newstructure,857,857,0.88007307,5.9,15.0,4.6,1.0706823153846154,-8.117663640705664e-06,0.0148153801978022,31.270035996854823,31.681090867679043,10.041987307692274,10.041539999999804,10.056044999999964,0,0,False,667.0,-8.054182767251593e-05,-0.0006799831129059991,0.9458816903935567,2459.776377098817,667.0,667.0,0.0,0.0,True,False,-0.00021099999999996122,True,True,False,8.638212824469724e-05,-4.0635761002012085,-0.028921475161164945,-0.011300575148553208,0.00019730445967875153,-4.0635761002012085,-4.216438769997463,2.6279551581415794,5.905182545454545
3,b3c30,935.0,5.3C(54%)-4C-newstructure,934,934,0.88024825,5.3,54.0,4.0,1.0718096351648352,-1.2096585443535233e-05,0.01556645408791209,32.251224165061636,33.96309272318298,10.043419908424884,10.043564999999944,10.044550000000163,0,0,False,758.0,-5.9380172036069436e-05,-0.0007584341399136386,0.9497513397701992,2752.80395242999,758.0,758.0,0.0,0.0,True,False,-0.0006960999999998663,True,True,False,7.939158148811134e-05,-4.1002255467806545,-0.026737169755743473,-0.011137570899382837,-1.4722424288382096e-06,-4.1002255467806545,-4.247951478689844,2.571255810101082,5.303289272727272
3,b3c31,731.0,5.9C(60%)-3.1C-newstructure,730,730,0.88031369,5.9,60.0,3.1,1.070885821978022,-1.799799808886109e-05,0.0158726897032967,34.01108300144201,36.77937665931109,10.045659761904709,10.045905000000493,10.048216666666365,0,0,False,600.0,-7.823999731314738e-05,-0.0010635653424382167,0.9547127341774817,2218.138614570147,600.0,588.0,12.0,0.01646090534979424,True,False,-0.0010414000000000811,True,True,False,0.00014467616046037193,-3.8396030254357147,-0.035619409739265695,-0.01635054856148944,8.180347755336339e-05,-3.8396030254357147,-4.056931091297727,2.6501061924206177,5.900500909090908
3,b3c32,,4.8C(80%)-4.8C-newstructure,2237,2237,0.97388279,4.8,80.0,4.8,1.0743559043956044,-1.5948668577794883e-05,0.015361375945054942,35.46623729799321,38.151163414056384,11.039413772893797,11.038473333333968,11.055375000000156,0,0,False,1914.0,-3.595541914206489e-05,-0.00010002825320996932,0.9268134309929427,5810.230483224377,1914.0,1914.0,0.0,0.0,True,True,-0.0012216999999998812,True,True,False,2.1215204766387927e-05,-4.67335277212347,-0.01012140041626175,-0.0032569008987653743,5.297618526082322e-06,-4.67335277212347,-4.6115161049624405,2.3895086009989153,4.369850181818181
3,b3c33,1284.0,5C(67%)-4C-newstructure,1283,1283,0.88079751,5.0,67.0,4.0,1.062204853846154,-1.9696050326486636e-05,0.015333166769230772,33.12068377442862,34.29304593262315,10.043273534798557,10.043294999999732,10.045731666666688,0,0,False,1089.0,-5.32609774994694e-05,-0.0006266442340819248,0.9767897608530952,4779.968242368253,1089.0,1089.0,0.0,0.0,True,False,-0.0015305000000001012,True,True,False,4.0188487978171294e-05,-4.395898333073689,-0.019885925647910252,-0.00784867836178756,-3.0824360326101274e-05,-4.395898333073689,-4.533174610991759,2.601830817625708,5.006016818181818
3,b3c34,1158.0,5.3C(54%)-4C-newstructure,1157,1157,0.88017184,5.3,54.0,4.0,1.0632662000000002,-2.89226739926711e-05,0.015296991153846156,35.79776713861069,39.01722722500728,10.043507087912095,10.043936666666802,10.044763333333442,0,0,False,925.0,-5.901950140809601e-05,-0.0005616004581049139,0.988501867950611,5112.383595859876,925.0,925.0,0.0,0.0,True,False,-0.002482799999999896,True,True,False,4.946983882423062e-05,-4.305659504591576,-0.02150989276991433,-0.00955200556777299,-2.2267536003403902e-05,-4.305659504591576,-4.506853747608426,2.6280464177886254,5.303351636363636
3,b3c35,1093.0,5.6C(19%)-4.6C-newstructure,1092,1092,0.88011736,5.6,19.0,4.6,1.0645070571428574,-2.5849850294632247e-05,0.015369017175824177,35.55319918303348,38.563815675168215,10.04362437728935,10.043644999999863,10.044661666666313,0,0,False,854.0,-6.386245397183036e-05,-0.0005500774567535631,0.969823179393186,3777.262736231563,854.0,854.0,0.0,0.0,True,False,-0.0019807000000000574,True,True,False,5.8229318902417414e-05,-4.234858289724564,-0.02302807515263361,-0.009826425701495065,-5.3572637488779424e-05,-4.234858289724564,-4.402071140191814,2.661632588364753,5.606952999999999
3,b3c36,923.0,5.6C(36%)-4.3C-newstructure,922,922,0.88060242,5.6,36.0,4.3,1.0594015769230771,-3.125922599139511e-05,0.015127845087912088,35.895392837699205,39.414892824678624,10.043489890109916,10.04348499999954,10.044748333333215,0,0,False,791.0,-7.138710644488153e-05,-0.0008380823374703822,0.933477861866475,2460.7978287221645,791.0,791.0,0.0,0.0,True,False,-0.0022610000000000685,True,True,False,5.5788165335225655e-05,-4.253457920681209,-0.022981813517992444,-0.009908357469924613,5.700123635190928e-05,-4.253457920681209,-4.44543169933463,2.6994076899059563,5.605191272727272
3,b3c37,1390.0,4.8C(80%)-4.8C-newstructure,1389,1389,0.88049883,4.8,80.0,4.8,1.0495570802197802,-1.1054983277591191e-05,0.014704729593406594,35.01801023180783,37.831503043531505,11.038430769230729,11.038353333333605,11.03980833333335,0,0,False,1158.0,-5.3666902502992604e-05,-0.0004299504799552842,0.9380062586330749,3822.936468167178,1158.0,1158.0,0.0,0.0,True,False,-0.0003543000000001406,True,True,False,7.96423654716803e-06,-5.098855849397497,-0.008439822988718593,-0.001076797766325731,-7.779265702728124e-06,-5.098855849397497,-4.991326785799009,2.4395768083891545,4.373390909090909
3,b3c38,1935.0,5C(67%)-4C-newstructure,1934,1934,0.88000458,5.0,67.0,4.0,1.0720267340659342,-1.464993948081487e-05,0.01582874486813187,34.76766970582287,37.76934088392071,10.043664212454173,10.043540000000212,10.05276833333337,0,0,False,1525.0,-4.256377454440528e-05,-0.00029095332769327084,0.9730116192284971,6938.646168746941,1525.0,1525.0,0.0,0.0,True,False,-0.0012724000000001734,True,True,False,4.5493249228224246e-05,-4.342053043792284,-0.020147005721674938,-0.008693083372975452,0.00011136972128040796,-4.342053043792284,-4.518987934056233,2.5597956540406517,5.003679454545455
3,b3c39,1156.0,5.3C(54%)-4C-newstructure,1155,1155,0.88043225,5.3,54.0,4.0,1.0507221032967033,-1.8707799012583198e-05,0.015556197747252747,33.897654387505355,36.09066646701555,10.043042142857145,10.043549999999717,10.044561666666414,0,0,False,997.0,-5.672078242584e-05,-0.0006781070171585202,0.9553669102975668,3549.1465545959513,997.0,997.0,0.0,0.0,True,False,-0.0009133999999999531,True,True,False,3.510467231268054e-05,-4.454635076566319,-0.017457917694832736,-0.006428438589560583,-9.440809878580566e-05,-4.454635076566319,-4.5275359844029985,2.701516447774453,5.303251090909091
3,b3c40,796.0,5.6C(19%)-4.6C-newstructure,795,795,0.88070726,5.6,19.0,4.6,1.063136730769231,-2.0118948877207218e-05,0.015379819956043957,34.080462713172146,37.56402713275497,10.043786648351642,10.043501666666513,10.05444666666687,0,0,False,618.0,-8.103748756306317e-05,-0.0006997248611406682,0.9482191907715863,2313.804328204398,618.0,618.0,0.0,0.0,True,False,-0.001472299999999871,True,True,False,5.068643250322407e-05,-4.29510827493732,-0.022053794482172262,-0.009078861478925766,3.541436252506964e-06,-4.29510827493732,-4.4667381580767795,2.5627097443480245,5.605437545454545
3,b3c41,786.0,5.6C(36%)-4.3C-newstructure,785,785,0.88062328,5.6,36.0,4.3,1.0545433,1.1853320593366783e-07,0.018295542824175826,33.654851088210236,36.65721354600144,10.043180164835102,10.043074999999954,10.047905000000416,0,0,False,598.0,-6.210140900995134e-05,-0.0006834106391560943,0.9541786674535335,2379.1039786179977,598.0,598.0,0.0,0.0,True,False,0.0003908999999999718,True,True,False,6.03240691683163e-05,-4.2195093707566445,-0.024192993699098664,-0.009748050525024678,-6.274578625964432e-06,-4.2195093707566445,-4.367009973364982,2.701835265822222,5.603984454545453
3,b3c42,1642.0,4.8C(80%)-4.8C-newstructure,1641,1641,0.88037544,4.8,80.0,4.8,1.0696212681318682,-5.098993470293996e-06,0.016114627791208796,33.06488737559217,35.611333339810955,11.03845604395602,11.03828333333319,11.049676666666832,0,0,False,1292.0,-5.1250905770069895e-05,-0.00034880219883867095,0.9523047828344953,4951.257098186152,1292.0,1292.0,0.0,0.0,True,False,-0.00015739999999997423,True,True,False,4.5061465820542114e-05,-4.346194685061839,-0.005609789046358671,0.0007845194706261452,9.147936829104235e-05,-4.346194685061839,-4.213896321063984,2.3370101408964645,4.366198454545454
3,b3c43,1046.0,5C(67%)-4C-newstructure,1045,1045,0.88060749,5.0,67.0,4.0,1.0729930351648351,-4.090297818121304e-06,0.015829450307692308,33.91226835365639,36.977022027000615,10.043630366300306,10.043624999999883,10.044748333333215,0,0,False,867.0,-5.6194764296391723e-05,-0.0007879009391966809,0.9667634068886566,3512.7653001280055,867.0,867.0,0.0,0.0,True,False,-0.0001888000000001,True,True,False,4.822275074444368e-05,-4.316748020025344,-0.01297639899175873,-0.003266056933426803,0.00010518419818965214,-4.316748020025344,-4.21235462926851,2.831935335251293,5.021840909090908
3,b3c44,940.0,5.3C(54%)-4C-newstructure,939,939,0.88046378,5.3,54.0,4.0,1.0734825934065935,-6.09089345437082e-06,0.01556615469230769,33.363634157603535,36.35874897390992,10.043224322344285,10.04342333333334,10.044543333333179,0,0,False,792.0,-6.05804953511568e-05,-0.0009188972678447014,0.9391004573647601,2588.96217220954,792.0,777.0,15.0,0.015991471215351813,True,False,0.00018009999999990534,True,True,False,7.387618796699746e-05,-4.131495522376496,-0.02598513188750473,-0.011231061096491921,-9.95202136561103e-05,-4.131495522376496,-4.315731301593295,2.5546495841438133,5.303420999999999
3,b3c45,1801.0,4.8C(80%)-4.8C-newstructure,1800,1800,0.88047254,4.8,80.0,4.8,1.071540015384615,-5.629530179966145e-06,0.01561267565934066,32.7403094734237,34.700079574516664,11.038641739926762,11.038098333333618,11.056529999999718,0,0,False,1418.0,-4.5538636452260885e-05,-0.0003281433268046812,0.9668072536481849,6084.133164560598,1418.0,1418.0,0.0,0.0,True,False,-0.00020569999999997535,True,True,False,3.014041303195534e-05,-4.5208508005857535,-0.016477960740300612,-0.007131752461986142,-5.285843256575478e-05,-4.5208508005857535,-4.676532166537846,2.337526303953271,4.367783272727273
