cell_id,batch,policy,chargetime_mean,chargetime_median,chargetime_max,chargetime_gt30_n
b1c0,1,3.6C(80%)-3.6C,13.384324395604375,13.358211666666708,13.461158333333394,0
b1c1,1,3.6C(80%)-3.6C,13.372037857142836,13.341540000000046,13.426406666666661,0
b1c2,1,3.6C(80%)-3.6C,13.379404835164845,13.341596666666737,13.426306666666642,0
b1c3,1,4C(80%)-4C,12.053525549450544,12.092243333333318,12.093001666667018,0
b1c4,1,4C(80%)-4C,12.053579249084253,12.092204999999861,12.09293499999961,0
b1c5,1,4.4C(80%)-4.4C,15.437651080586145,10.91741500000062,418.81941000000006,1
b1c6,1,4.8C(80%)-4.8C,10.043405329670298,10.008315000000099,10.093049999999979,0
b1c7,1,4.8C(80%)-4.8C,10.04442992673991,10.009005000000373,10.094543333333423,0
b1c8,1,5.4C(40%)-3.6C,11.24570701465201,11.208464999999462,11.297416666666686,0
b1c9,1,5.4C(40%)-3.6C,11.243820860805872,11.208414999999999,11.2965616666667,0
b1c10,1,5.4C(50%)-3C,11.686669780219818,11.652141666666527,11.736088333333221,0
b1c11,1,5.4C(50%)-3C,11.68509159340663,11.652396666666512,11.736013333333297,0
b1c12,1,5.4C(50%)-3.6C,10.682910934065939,10.652936666666696,10.73658333333345,0
b1c13,1,5.4C(50%)-3.6C,10.683663827838837,10.652621666666528,10.736171666666632,0
b1c14,1,5.4C(60%)-3C,15.291828736263737,10.7633733333331,419.7895399999999,1
b1c15,1,5.4C(60%)-3C,15.29100639194134,10.763519999999941,419.87335500000006,1
b1c16,1,5.4C(60%)-3.6C,10.125278095238116,10.097030000000085,10.180956666666559,0
b1c17,1,5.4C(60%)-3.6C,10.138984047619054,10.179741666665844,10.18090333333336,0
b1c18,1,5.4C(70%)-3C,9.925854816849819,9.957861666666577,9.974201666666582,0
b1c19,1,5.4C(70%)-3C,9.930555989010955,9.957908333333519,9.958483333333183,0
b1c20,1,5.4C(80%)-5.4C,9.027973278388265,9.007608333332852,9.10201333333389,0
b1c21,1,5.4C(80%)-5.4C,8.989637289377253,8.986379999999917,9.080738333333283,0
b1c22,1,6C(30%)-3.6C,11.46397212454215,11.430306666666972,11.51382333333313,0
b1c23,1,6C(30%)-3.6C,11.459366483516485,11.43025333333353,11.514053333333383,0
b1c24,1,6C(40%)-3C,12.126660659340681,12.098271666666552,12.182196666666036,0
b1c25,1,6C(40%)-3C,12.136525805860803,12.097050000000065,12.180349999999939,0
b1c26,1,6C(40%)-3.6C,10.80199225274729,10.765060000000327,10.897493333333113,0
b1c27,1,6C(40%)-3.6C,10.803581739926768,10.76368000000075,10.8473616666665,0
b1c28,1,6C(50%)-3C,11.140097179487183,11.179005000000082,11.180176666666618,0
b1c29,1,6C(50%)-3C,11.150356593406572,11.179469999999856,11.181148333333356,0
b1c30,1,6C(50%)-3.6C,10.124216007326032,10.096796666666826,10.180983333333279,0
b1c31,1,6C(50%)-3.6C,10.126856282051266,10.096788333333583,10.18021333333357,0
b1c32,1,6C(60%)-3C,10.131027032967076,10.096446666666695,10.180015000000033,0
b1c33,1,6C(60%)-3C,10.13019761904764,10.096500000000136,10.180468333333556,0
b1c34,1,7C(30%)-3.6C,11.033024743589756,11.001253333333443,11.084676666666443,0
b1c35,1,7C(30%)-3.6C,11.034964212454225,11.001270000000174,11.084886666666716,0
b1c36,1,7C(40%)-3C,11.556540054945067,11.52468333333333,11.608198333333712,0
b1c37,1,7C(40%)-3C,11.561057014652038,11.52475000000001,11.611393333333156,0
b1c38,1,7C(40%)-3.6C,10.232226025641044,10.193663333334067,10.292221666666835,0
b1c39,1,7C(40%)-3.6C,10.24095256410253,10.274609999999909,10.275708333333265,0
b1c40,1,8C(15%)-3.6C,12.08827020146521,12.054698333333363,12.138423333333533,0
b1c41,1,8C(15%)-3.6C,12.091806996337025,12.054781666665804,12.138670000000275,0
b1c42,1,8C(25%)-3.6C,11.17802357142863,11.138530000000417,11.225931666666778,0
b1c43,1,8C(25%)-3.6C,11.178613589743591,11.138254999999965,11.22160500000003,0
b1c44,1,8C(35%)-3.6C,10.257643589743598,10.22140833333348,10.304883333333418,0
b1c45,1,8C(35%)-3.6C,10.258617820512795,10.221591666666791,10.305469999999938,0
b2c0,2,5.2C(58%)-4C,10.17323098901111,10.173174999999658,10.175723333333735,0
b2c1,2,5.6C(26%)-4.5C,10.196931703296583,10.176748333331973,10.257094999999875,0
b2c2,2,5.2C(50%)-4.25C,10.175011208791272,10.174891666667342,10.177569999999832,0
b2c3,2,4.65C(44%)-5C,10.173155128205178,10.173123333333448,10.17467333333334,0
b2c4,2,4.65C(69%)-6C,10.232924780219733,10.23264499999932,10.272591666665782,0
b2c5,2,3.6C(30%)-6C,10.200482527472545,10.20127999999871,10.242031666665572,0
b2c6,2,3.6C(9%)-5C,10.179308040293128,10.179401666667157,10.1812816666672,0
b2c7,2,4.8C(80%)-4.8C-newstructure,10.035669322344315,10.035486666666596,10.040678333333926,0
b2c8,2,5.2C(58%)-4C-newstructure,10.039861630036631,10.039794999999867,10.044600000000113,0
b2c9,2,5.6C(26%)-4.5C-newstructure,10.039853992673986,10.040153333333244,10.041631666666945,0
b2c10,2,4.8C(80%)-4.8C,10.169334908424842,10.170841666667062,10.189141666666547,0
b2c11,2,5.2C(50%)-4.25C,10.173903791208817,10.173770000000028,10.180184999998891,0
b2c12,2,4.65C(44%)-5C,10.174880036630089,10.17466500000058,10.17747500000017,0
b2c13,2,4.65C(69%)-6C,10.214825879120806,10.21416166666604,10.235204999998677,0
b2c14,2,3.6C(30%)-6C,53.36722245421255,10.24544000000072,3934.7051666666666,1
b2c15,2,3.6C(9%)-5C,10.17295906593412,10.175108333333629,10.187401666666847,0
b2c16,2,4.8C(80%)-4.8C,10.171597252747269,10.171531666665881,10.174256666666285,0
b2c17,2,5.6C(26%)-4.5C,10.181669194139298,10.177128333334501,10.256706666667014,0
b2c18,2,5.2C(50%)-4.25C,10.174119505494547,10.173980000000059,10.175901666667778,0
b2c19,2,6C(60%)-3C,10.17362760073265,10.17452,10.176585000000584,0
b2c20,2,5.2C(58%)-4C,53.2764745970696,10.172940000000137,3932.592796666666,1
b2c21,2,6C(60%)-3C,10.174717582417612,10.174821666666928,10.176488333333205,0
b2c22,2,VarCharge-2C-100cycles,34.49778465201456,24.217241666665846,960.0854733333322,1
b2c23,2,VarCharge-4C-100cycles,22.62894368131869,12.211763333333268,960.0515949999991,1
b2c24,2,4.8C(80%)-4.8C,10.169970677655682,10.169733333333474,10.173275000000043,0
b2c25,2,5.2C(58%)-4C,10.172898333333311,10.173004999999344,10.175423333334038,0
b2c26,2,5.6C(26%)-4.5C,53.303939358974326,10.177438333333217,3933.121078333333,1
b2c27,2,5.2C(50%)-4.25C,10.174668223443103,10.174669999999848,10.17856333333378,0
b2c28,2,4.8C(80%)-4.8C,53.28949512820504,10.17329000000027,3933.7361466666666,1
b2c29,2,5.2C(58%)-4C,10.173047326007305,10.17290499999993,10.175125000000117,0
b2c30,2,5.6C(26%)-4.5C,53.31188326007324,10.179321666666754,3933.4007583333337,1
b2c31,2,5.6C(26%)-4.5C,10.19509214285708,10.178381666667216,10.257450000000729,0
b2c32,2,4.8C(80%)-4.8C-newstructure,53.15537093406601,10.040874999999748,3933.4551883333334,1
b2c33,2,5.2C(58%)-4C-newstructure,10.039593333333256,10.039308333332883,10.056469999999779,0
b2c34,2,5.6C(26%)-4.5C-newstructure,53.16224424908428,10.040186666666704,3934.1237716666665,1
b2c35,2,VarCharge-6C-100cycles,18.557187472527463,8.09792166666642,959.8723566666672,1
b2c36,2,VarCharge-8C-100cycles,17.265190238095265,6.807315000000139,960.2771749999995,1
b2c37,2,3.6C(80%)-3.6C(SLOWCYCLE,18.634506538461693,13.504223333334085,480.3559083333336,1
b2c38,2,4.8C(80%)-4.8C(SLOWCYCLE,15.334740054945106,10.169890000001761,480.3436683333343,1
b2c39,2,3.6C(9%)-5C(SLOWCYCLE,15.339982912087837,10.175564999998702,480.3493683333334,1
b2c40,2,5.2C(58%)-4C(SLOWCYCLE,58.44570928571431,10.173168333332676,3932.943618333333,2
b2c41,2,5.6C(26%)-4.5C,53.30479223443221,10.177141666666527,3933.623046666667,1
b2c42,2,5.2C(50%)-4.25C,10.175137216117209,10.175188333333548,10.177431666666719,0
b2c43,2,4.8C(80%)-4.8C-newstructure,10.036811593406627,10.036901666666381,10.039461666666709,0
b2c44,2,5.2C(58%)-4C-newstructure,53.14453857142855,10.040275000000838,3932.50703,1
b2c45,2,5.6C(26%)-4.5C-newstructure,10.04019712454209,10.040433333333446,10.043775000000217,0
b2c46,2,4.8C(80%)-4.8C,53.28706027472527,10.169801666667142,3933.8403033333334,1
b3c0,3,5C(67%)-4C-newstructure,10.042506868131868,10.042394999999669,10.050220000000262,0
b3c1,3,5.3C(54%)-4C-newstructure,10.041386007325949,10.041276666666574,10.043931666666564,0
b3c2,3,5.6C(19%)-4.6C-newstructure,10.04364670329666,10.043696666666074,10.050170000000314,0
b3c3,3,5.6C(36%)-4.3C-newstructure,10.041500054945082,10.04134666666602,10.048833333334187,0
b3c4,3,5.6C(19%)-4.6C-newstructure,10.045643296703325,10.04589833333254,10.046983333333628,0
b3c5,3,5.6C(36%)-4.3C-newstructure,10.042010677655755,10.041995000000073,10.043693333333552,0
b3c6,3,3.7C(31%)-5.9C-newstructure,10.082544725274769,10.079078333333019,10.119386666666832,0
b3c7,3,4.8C(80%)-4.8C-newstructure,11.040780219780252,11.038683333333271,11.056544999999945,0
b3c8,3,5C(67%)-4C-newstructure,10.043185439560489,10.043091666666442,10.045656666667007,0
b3c9,3,5.3C(54%)-4C-newstructure,10.04111170329672,10.041666666666666,10.043338333333184,0
b3c10,3,4.8C(80%)-4.8C-newstructure,11.038963479853486,11.03801333333322,11.070910000000003,0
b3c11,3,5.6C(19%)-4.6C-newstructure,10.042474047619098,10.042734999999327,10.048581666667209,0
b3c12,3,5.6C(36%)-4.3C-newstructure,10.042464597069563,10.042371666666197,10.04386999999988,0
b3c13,3,5.6C(19%)-4.6C-newstructure,10.042348919413891,10.04222333333358,10.044450000000264,0
b3c14,3,5.6C(36%)-4.3C-newstructure,10.041892417582439,10.0419783333331,10.043568333333436,0
b3c15,3,5.9C(15%)-4.6C-newstructure,10.041694835164904,10.041720000000593,10.04381999999993,0
b3c16,3,4.8C(80%)-4.8C-newstructure,11.04023639194139,11.04018666666622,11.056783333333442,0
b3c17,3,5.3C(54%)-4C-newstructure,10.042097307692295,10.04246666666586,10.044129999999617,0
b3c18,3,5.6C(19%)-4.6C-newstructure,10.043114267399245,10.043173333333106,10.044616666667086,0
b3c19,3,5.6C(36%)-4.3C-newstructure,10.043198241758194,10.043325000000186,10.046208333333682,0
b3c20,3,5C(67%)-4C-newstructure,10.043402454212483,10.043170000000584,10.0532249999999,0
b3c21,3,3.7C(31%)-5.9C-newstructure,10.080266025641029,10.076336666666611,10.11326500000044,0
b3c22,3,5.9C(60%)-3.1C-newstructure,10.042516941391874,10.042931666666602,10.044803333333887,0
b3c23,3,4.8C(80%)-4.8C-newstructure,11.038425604395592,11.0378183333339,11.05499833333403,0
b3c24,3,5C(67%)-4C-newstructure,10.041816959706937,10.04187666666694,10.045090000000103,0
b3c25,3,5.3C(54%)-4C-newstructure,10.042504725274737,10.042501666666551,10.046241666666658,0
b3c26,3,5.6C(19%)-4.6C-newstructure,10.042283937728902,10.042310000000482,10.044626666666591,0
b3c27,3,5.6C(36%)-4.3C-newstructure,10.045011721611743,10.044994999999956,10.046764999999626,0
b3c28,3,3.7C(31%)-5.9C-newstructure,10.091233113553178,10.085155000000183,10.14409666666664,0
b3c29,3,5.9C(15%)-4.6C-newstructure,10.041987307692274,10.041539999999804,10.056044999999964,0
b3c30,3,5.3C(54%)-4C-newstructure,10.043419908424884,10.043564999999944,10.044550000000163,0
b3c31,3,5.9C(60%)-3.1C-newstructure,10.045659761904709,10.045905000000493,10.048216666666365,0
b3c32,3,4.8C(80%)-4.8C-newstructure,11.039413772893797,11.038473333333968,11.055375000000156,0
b3c33,3,5C(67%)-4C-newstructure,10.043273534798557,10.043294999999732,10.045731666666688,0
b3c34,3,5.3C(54%)-4C-newstructure,10.043507087912095,10.043936666666802,10.044763333333442,0
b3c35,3,5.6C(19%)-4.6C-newstructure,10.04362437728935,10.043644999999863,10.044661666666313,0
b3c36,3,5.6C(36%)-4.3C-newstructure,10.043489890109916,10.04348499999954,10.044748333333215,0
b3c37,3,4.8C(80%)-4.8C-newstructure,11.038430769230729,11.038353333333605,11.03980833333335,0
b3c38,3,5C(67%)-4C-newstructure,10.043664212454173,10.043540000000212,10.05276833333337,0
b3c39,3,5.3C(54%)-4C-newstructure,10.043042142857145,10.043549999999717,10.044561666666414,0
b3c40,3,5.6C(19%)-4.6C-newstructure,10.043786648351642,10.043501666666513,10.05444666666687,0
b3c41,3,5.6C(36%)-4.3C-newstructure,10.043180164835102,10.043074999999954,10.047905000000416,0
b3c42,3,4.8C(80%)-4.8C-newstructure,11.03845604395602,11.03828333333319,11.049676666666832,0
b3c43,3,5C(67%)-4C-newstructure,10.043630366300306,10.043624999999883,10.044748333333215,0
b3c44,3,5.3C(54%)-4C-newstructure,10.043224322344285,10.04342333333334,10.044543333333179,0
b3c45,3,4.8C(80%)-4.8C-newstructure,11.038641739926762,11.038098333333618,11.056529999999718,0
