batch,feature,n,pearson,spearman
1,dq_logvar,46,-0.8861231036774861,-0.8711607269559923
1,dq_min,46,0.8816450170696563,0.8500061691261938
1,dq_mean,46,0.8538097844630058,0.8281115101478308
1,QD_early_mean,46,0.2145837460023864,0.2406562234748518
1,QD_early_slope,46,0.5240855976164364,0.5780189970287831
1,IR_mean,46,0.2311640473115714,0.18884914307534503
1,Tavg_mean,46,-0.48594614102190636,-0.37146910148360657
1,Tmax_mean,46,-0.40736497483146206,-0.3215122739555107
1,chargetime_mean,46,0.5556724905235223,0.6166892820412722
1,chargetime_median,46,0.7451302668522449,0.6384605908282076
1,C1,46,-0.5797191371008248,-0.48271400298540956
1,C2,46,-0.0958867486919095,0.04741433338534666
1,I10_positive_mean,46,-0.5253525741530486,-0.6284692253225884
1,QD100_minus_QD10,46,0.549990544145097,0.6126187257241679
1,dq_core_logvar,46,-0.8916907518127397,-0.8878746778944046
1,dq_centered_logvar,46,-0.8861231036774861,-0.8711607269559923
2,dq_logvar,39,-0.9018830736836407,-0.7089786451951733
2,dq_min,39,0.8185183255033297,0.6608968552940159
2,dq_mean,39,0.7670852072368176,0.6972365659772065
2,QD_early_mean,39,-0.33716748129731816,0.09535378123555874
2,QD_early_slope,39,-0.4844217464825361,-0.27097884540083944
2,IR_mean,33,-0.6169715543339009,-0.19587198196572558
2,Tavg_mean,39,0.4306506512697123,0.1723858698982553
2,Tmax_mean,39,0.01907504242222517,-0.1258224523097659
2,chargetime_mean,39,0.08733184139271645,-0.3908290332807773
2,chargetime_median,39,-0.9158858908848256,-0.8086850937270476
2,C1,39,0.19074658847387688,0.05509278655119761
2,C2,39,-0.11630518850837095,-0.11884016238051073
2,I10_positive_mean,39,0.7580048710035829,0.5059216545810218
2,QD100_minus_QD10,39,-0.1872538924600625,-0.05456017843520824
2,dq_core_logvar,39,-0.9109651001632889,-0.7332726021978636
2,dq_centered_logvar,39,-0.9018830736836408,-0.7089786451951733
3,dq_logvar,44,-0.7018620670132869,-0.7972372984772357
3,dq_min,44,0.6921158515446069,0.7760236822430022
3,dq_mean,44,0.6391153658731697,0.7561491314853485
3,QD_early_mean,44,0.22228870094402758,0.1633659881427009
3,QD_early_slope,44,0.3605002895048685,0.1841567415948565
3,IR_mean,44,0.18751895231469407,0.1667488903993228
3,Tavg_mean,44,-0.021182977156624976,0.025371766924664505
3,Tmax_mean,44,-0.10609506529494075,-0.03735287908353385
3,chargetime_mean,44,0.6370767355507304,0.2017760241814291
3,chargetime_median,44,0.6381370374074491,0.2635844674951257
3,C1,44,-0.08289859421256351,-0.22887519748075072
3,C2,44,-0.0427463763927168,0.015736317835818345
3,I10_positive_mean,44,-0.32881333157697396,-0.025794629706742244
3,QD100_minus_QD10,44,0.32988148732894285,0.03150327726479176
3,dq_core_logvar,44,-0.6958027417102886,-0.7116075851064929
3,dq_centered_logvar,44,-0.7018620670132869,-0.7972372984772357
